target,model_class,hp,validation_mode,lead_hours,shipped_in_v1,baseline_mae,corrected_mae,mae_reduction_pct,baseline_bias,corrected_bias,bias_correction_pct,n_stations,n_failures,n_eval,absolute_mae,target_mean,target_std,baseline_mae_for_reference,note
temperature,HGB,"max_depth=10, lr=0.1",LOSO,1.0,True,1.2868840592717175,0.5975108491781473,48.84512707678054,-0.4788338916557855,0.0628875157262543,86.86652786652337,26.0,0.0,,,,,,
temperature,HGB,"max_depth=10, lr=0.1",LOSO,6.0,True,1.2868840592717175,1.0002752081859068,18.57433120125561,-0.4788338916557855,0.01583251153560715,96.69352737734184,26.0,4.0,,,,,,
temperature,HGB,"max_depth=10, lr=0.1",LOSO,24.0,True,1.2868840592717175,0.9697033254079231,18.978626879679663,-0.4788338916557855,0.10749407416324039,77.55086345464586,26.0,4.0,,,,,,
temperature,HGB,"max_depth=10, lr=0.1",LOSO,48.0,True,1.2868840592717175,1.0000420032707438,16.642768297755666,-0.4788338916557855,0.09538948996510542,80.07879316243616,26.0,4.0,,,,,,
temperature,HGB,"max_depth=10, lr=0.1",LOSO,72.0,True,1.2868840592717175,1.0053227932286959,16.00259024964461,-0.4788338916557855,0.10711420410418769,77.63019577962794,26.0,4.0,,,,,,
temperature,HGB,"max_depth=10, lr=0.1",within_station,1.0,True,1.2439655172413793,0.5229792605492032,57.95870116167182,-0.4549425287356321,-0.0014903548223336419,,,,6960.0,,,,,
temperature,HGB,"max_depth=10, lr=0.1",within_station,6.0,True,1.2439655172413793,0.7420918642707722,40.34465955966072,-0.4549425287356321,-0.012935732122724504,,,,6960.0,,,,,
temperature,HGB,"max_depth=10, lr=0.1",within_station,24.0,True,1.2439655172413793,0.7684053909735892,38.22936565978077,-0.4549425287356321,0.019266541556601107,,,,6960.0,,,,,
temperature,HGB,"max_depth=10, lr=0.1",within_station,48.0,True,1.2439655172413793,0.7808432595948218,37.229509277200734,-0.4549425287356321,0.007040989006389015,,,,6960.0,,,,,
temperature,HGB,"max_depth=10, lr=0.1",within_station,72.0,True,1.2439655172413793,0.7936963299719408,36.196275622491235,-0.4549425287356321,0.023108503169112313,,,,6960.0,,,,,
temperature,HGB,"max_depth=10, lr=0.1",april,1.0,True,1.3562687413890915,0.6120302622679744,54.873968293250456,-0.4348650619985413,-0.01151782199167043,,,,12339.0,,,,,
temperature,HGB,"max_depth=10, lr=0.1",april,6.0,True,1.3594149759634973,0.9384883710310082,30.963805193785923,-0.43921616556669113,0.02539555604958263,,,,12273.0,,,,,
temperature,HGB,"max_depth=10, lr=0.1",april,24.0,True,1.3680060020006668,0.9512022868700086,30.467974155164196,-0.43862954318106034,0.07295984955793419,,,,11996.0,,,,,
temperature,HGB,"max_depth=10, lr=0.1",april,48.0,True,1.3798360655737705,1.000071941593801,27.522408890077383,-0.44126833477135463,0.12834660887277918,,,,11590.0,,,,,
temperature,HGB,"max_depth=10, lr=0.1",april,72.0,True,1.3846757648737846,1.0125442910973013,26.874990031359708,-0.4386941396842387,0.11887791599705795,,,,11211.0,,,,,
relative_humidity,HGB,"max_depth=10, lr=0.1",LOSO,1.0,True,6.883107232455158,2.137118139083147,68.70552633908008,0.19121914324208739,-0.0365475187301758,,26.0,0.0,,,,,,
relative_humidity,HGB,"max_depth=10, lr=0.1",LOSO,6.0,True,6.883107232455158,3.9889773295776862,41.42235578423252,0.19121914324208739,-0.060430380222037845,,26.0,1.0,,,,,,
relative_humidity,HGB,"max_depth=10, lr=0.1",LOSO,24.0,True,6.883107232455158,4.152198040274751,39.18295705161325,0.19121914324208739,-0.13088850785957343,,26.0,0.0,,,,,,
relative_humidity,HGB,"max_depth=10, lr=0.1",LOSO,48.0,True,6.883107232455158,4.274977029947824,37.41950983343575,0.19121914324208739,-0.13721804894151238,,26.0,1.0,,,,,,
relative_humidity,HGB,"max_depth=10, lr=0.1",LOSO,72.0,True,6.883107232455158,4.267851170100273,37.475010428994274,0.19121914324208739,-0.06738642117250494,,26.0,1.0,,,,,,
relative_humidity,HGB,"max_depth=10, lr=0.1",within_station,1.0,True,6.9077586206896555,2.0846993965449605,69.82089978794266,0.6890804597701149,0.043080955135721924,,,,6960.0,,,,,
relative_humidity,HGB,"max_depth=10, lr=0.1",within_station,6.0,True,6.9077586206896555,3.717822061593883,46.179039168240315,0.6890804597701149,0.13452586957439183,,,,6960.0,,,,,
relative_humidity,HGB,"max_depth=10, lr=0.1",within_station,24.0,True,6.9077586206896555,3.9320695677667903,43.07749034556999,0.6890804597701149,0.09878798637297175,,,,6960.0,,,,,
relative_humidity,HGB,"max_depth=10, lr=0.1",within_station,48.0,True,6.9077586206896555,3.9257202865747773,43.16940556062971,0.6890804597701149,0.18895569046549224,,,,6960.0,,,,,
relative_humidity,HGB,"max_depth=10, lr=0.1",within_station,72.0,True,6.9077586206896555,3.956137150164512,42.72907657318316,0.6890804597701149,0.13558089448333563,,,,6960.0,,,,,
relative_humidity,HGB,"max_depth=10, lr=0.1",april,1.0,True,8.25257314206986,2.4033716539799044,70.87730562813157,2.6025204635707917,0.22512767184850152,,,,12339.0,,,,,
relative_humidity,HGB,"max_depth=10, lr=0.1",april,6.0,True,8.263627474945002,4.528853717026391,45.1953306128852,2.6452782530758574,0.7048772493924814,,,,12273.0,,,,,
relative_humidity,HGB,"max_depth=10, lr=0.1",april,24.0,True,8.31702234078026,4.632762621808652,44.29782160024798,2.621623874624875,0.5637597264337727,,,,11996.0,,,,,
relative_humidity,HGB,"max_depth=10, lr=0.1",april,48.0,True,8.379551337359793,4.874963059087966,41.823101705300175,2.625798101811907,0.45425132047078176,,,,11590.0,,,,,
relative_humidity,HGB,"max_depth=10, lr=0.1",april,72.0,True,8.42101507448042,4.87398192555433,42.12120650009577,2.692712514494693,0.9288325778646637,,,,11211.0,,,,,
dew_point,HGB,"max_depth=10, lr=0.1",LOSO,1.0,True,1.8329209033890304,0.6223395000285917,65.41096494233169,0.2536101060380212,0.032900902293940416,87.02697506502051,26.0,0.0,,,,,,
dew_point,HGB,"max_depth=10, lr=0.1",LOSO,6.0,True,1.8329209033890304,0.9886784694663333,45.08659218992206,0.2536101060380212,0.05917722286511844,76.6660628041981,26.0,0.0,,,,,,
dew_point,HGB,"max_depth=10, lr=0.1",LOSO,24.0,True,1.8329209033890304,1.007958739396615,43.91880760981995,0.2536101060380212,0.04956605251919761,80.45580545131484,26.0,0.0,,,,,,
dew_point,HGB,"max_depth=10, lr=0.1",LOSO,48.0,True,1.8329209033890304,1.0341167852883375,42.41265936959723,0.2536101060380212,0.045548721793752585,82.03986327464257,26.0,0.0,,,,,,
dew_point,HGB,"max_depth=10, lr=0.1",LOSO,72.0,True,1.8329209033890304,1.047499873942147,41.49109777082007,0.2536101060380212,0.06913411863823643,72.73999852834262,26.0,0.0,,,,,,
dew_point,HGB,"max_depth=10, lr=0.1",within_station,1.0,True,1.9299568965517242,0.5798318331762975,69.95622885608017,0.4918534482758621,0.013841676530037508,,,,6960.0,,,,,
dew_point,HGB,"max_depth=10, lr=0.1",within_station,6.0,True,1.9299568965517242,0.8942903682950574,53.6626766176542,0.4918534482758621,0.04970962312411955,,,,6960.0,,,,,
dew_point,HGB,"max_depth=10, lr=0.1",within_station,24.0,True,1.9299568965517242,0.9302642461885597,51.798703491737385,0.4918534482758621,0.0415413371104658,,,,6960.0,,,,,
dew_point,HGB,"max_depth=10, lr=0.1",within_station,48.0,True,1.9299568965517242,0.9163249077886505,52.52096513523911,0.4918534482758621,0.06580775155363383,,,,6960.0,,,,,
dew_point,HGB,"max_depth=10, lr=0.1",within_station,72.0,True,1.9299568965517242,0.9467210736821041,50.945999085595055,0.4918534482758621,0.05619553997285051,,,,6960.0,,,,,
dew_point,HGB,"max_depth=10, lr=0.1",april,1.0,True,2.5092714158359675,0.6811405908039304,72.85504523323925,1.5319474835886215,0.07881750952881098,,,,12339.0,,,,,
dew_point,HGB,"max_depth=10, lr=0.1",april,6.0,True,2.5179336755479507,1.0920422184507623,56.62942876312605,1.5434694043836064,0.3152893374655051,,,,12273.0,,,,,
dew_point,HGB,"max_depth=10, lr=0.1",april,24.0,True,2.5321190396798934,1.1153807559864277,55.95069826861566,1.5543431143714572,0.37649620712959725,,,,11996.0,,,,,
dew_point,HGB,"max_depth=10, lr=0.1",april,48.0,True,2.5506384814495253,1.1490021956756482,54.95236961128762,1.5718636755823987,0.39422326050974876,,,,11590.0,,,,,
dew_point,HGB,"max_depth=10, lr=0.1",april,72.0,True,2.573240567299973,1.175731170933763,54.30931775774762,1.6155918294532157,0.44999645604323546,,,,11211.0,,,,,
wind_speed,Ridge,alpha=10.0,LOSO,1.0,True,7.369997143235624,1.9763305025341962,67.06429780985681,-5.75844977073262,-0.04540232482286747,99.21155299376535,26.0,0.0,,,,,,
wind_speed,Ridge,alpha=10.0,LOSO,6.0,True,7.369997143235624,3.5696606501025627,42.78585514240428,-5.75844977073262,-0.0007219217060864576,99.987463262947,26.0,1.0,,,,,,
wind_speed,Ridge,alpha=10.0,LOSO,24.0,True,7.369997143235624,3.8053843782032626,39.54268633895762,-5.75844977073262,0.010486380678582699,99.8178957688946,26.0,1.0,,,,,,
wind_speed,Ridge,alpha=10.0,LOSO,48.0,True,7.369997143235624,4.057583610345407,35.7747684075275,-5.75844977073262,-0.004190371868339257,99.92723090353871,26.0,4.0,,,,,,
wind_speed,Ridge,alpha=10.0,LOSO,72.0,True,7.369997143235624,4.2183417701307,33.5241068211501,-5.75844977073262,-0.00171988186370949,99.9701329015241,26.0,4.0,,,,,,
wind_speed,Ridge,alpha=10.0,within_station,1.0,True,7.888218390804598,1.8718488605995407,76.27032153696986,-6.338390804597701,-0.018593065868240184,,,,6960.0,,,,,
wind_speed,Ridge,alpha=10.0,within_station,6.0,True,7.888218390804598,3.4196368797871703,56.64880572052257,-6.338390804597701,-0.08905928971407814,,,,6960.0,,,,,
wind_speed,Ridge,alpha=10.0,within_station,24.0,True,7.888218390804598,3.6358579010344028,53.90774290335609,-6.338390804597701,-0.09220972544382802,,,,6960.0,,,,,
wind_speed,Ridge,alpha=10.0,within_station,48.0,True,7.888218390804598,3.909342657600899,50.440740051542285,-6.338390804597701,0.0033044551326710477,,,,6960.0,,,,,
wind_speed,Ridge,alpha=10.0,within_station,72.0,True,7.888218390804598,4.021201891431301,49.02268557727979,-6.338390804597701,0.04381730327761449,,,,6960.0,,,,,
wind_speed,Ridge,alpha=10.0,april,1.0,True,8.169965151146771,1.851338028687632,77.33970715373529,-7.203695599319231,-0.22594827750125984,,,,12339.0,,,,,
wind_speed,Ridge,alpha=10.0,april,6.0,True,8.157850566283713,3.3057566502248763,59.477602300199955,-7.19355495803797,-0.4878302795295244,,,,12273.0,,,,,
wind_speed,Ridge,alpha=10.0,april,24.0,True,8.041955651883962,3.2736840997921894,59.2924377912321,-7.077867622540848,-0.5559946914484598,,,,11996.0,,,,,
wind_speed,Ridge,alpha=10.0,april,48.0,True,7.8746505608283,3.460561157800328,56.05441624274022,-6.92421052631579,-0.6752513890723322,,,,11590.0,,,,,
wind_speed,Ridge,alpha=10.0,april,72.0,True,7.866952100615467,3.6232696494469323,53.94315863238232,-6.922451164035323,-0.7274786113238598,,,,11211.0,,,,,
wind_gust,Ridge,alpha=0.1,LOSO,1.0,True,16.99242439272322,2.438401297390041,82.9711541839775,-16.710235771550394,0.019827800541107596,99.8813433825101,26.0,0.0,,,,,,
wind_gust,Ridge,alpha=0.1,LOSO,6.0,True,16.99242439272322,4.276042150810292,70.5470723893353,-16.710235771550394,0.06116002618303651,99.63399662925664,26.0,1.0,,,,,,
wind_gust,Ridge,alpha=0.1,LOSO,24.0,True,16.99242439272322,4.528932241912553,68.6790445278395,-16.710235771550394,0.06398398461287685,99.61709705663274,26.0,1.0,,,,,,
wind_gust,Ridge,alpha=0.1,LOSO,48.0,True,16.99242439272322,4.8019090819628625,66.85766913412769,-16.710235771550394,0.049871671717209076,99.7015501612364,26.0,1.0,,,,,,
wind_gust,Ridge,alpha=0.1,LOSO,72.0,True,16.99242439272322,4.985022716046189,65.67119618052821,-16.710235771550394,0.047587921249126024,99.71521693709346,26.0,1.0,,,,,,
wind_gust,Ridge,alpha=0.1,within_station,1.0,True,17.674080459770117,2.373959609973583,86.56812944029984,-17.3408908045977,-0.0793942217805565,,,,6960.0,,,,,
wind_gust,Ridge,alpha=0.1,within_station,6.0,True,17.674080459770117,4.159203701809733,76.46721303958671,-17.3408908045977,-0.1837121555137511,,,,6960.0,,,,,
wind_gust,Ridge,alpha=0.1,within_station,24.0,True,17.674080459770117,4.372734871631981,75.2590530433239,-17.3408908045977,-0.19037946254468793,,,,6960.0,,,,,
wind_gust,Ridge,alpha=0.1,within_station,48.0,True,17.674080459770117,4.698437725242213,73.41622532534672,-17.3408908045977,-0.08274637950735128,,,,6960.0,,,,,
wind_gust,Ridge,alpha=0.1,within_station,72.0,True,17.674080459770117,4.844433627498587,72.59018007457007,-17.3408908045977,-0.019065080185157773,,,,6960.0,,,,,
wind_gust,Ridge,alpha=0.1,april,1.0,True,19.165321338844315,2.413326662428761,87.40784660084239,-18.99480508955345,-0.08625598892906941,,,,12339.0,,,,,
wind_gust,Ridge,alpha=0.1,april,6.0,True,19.159814226350523,4.120996458254031,78.49145920952397,-18.98885358103153,-0.42872960258051407,,,,12273.0,,,,,
wind_gust,Ridge,alpha=0.1,april,24.0,True,18.8519423141047,4.039335810756195,78.57337061903678,-18.677117372457484,-0.5346207572462438,,,,11996.0,,,,,
wind_gust,Ridge,alpha=0.1,april,48.0,True,18.39879206212252,4.237213480026633,76.9701539877188,-18.238377911993098,-0.6984036593514287,,,,11590.0,,,,,
wind_gust,Ridge,alpha=0.1,april,72.0,True,18.35080724288645,4.446677886261187,75.76848894216951,-18.186058335563285,-0.7735586123075471,,,,11211.0,,,,,
pressure,Ridge,alpha=0.1,LOSO,1.0,True,6.529036434761261,0.4361955802019463,92.59097146162534,-4.677628667116194,0.018166330544245796,99.61163376067117,25.0,0.0,,,,,,
pressure,Ridge,alpha=0.1,LOSO,6.0,True,6.529036434761261,1.0619676062910657,81.89125719441611,-4.677628667116194,0.05559735626553981,98.81142005443078,25.0,0.0,,,,,,
pressure,Ridge,alpha=0.1,LOSO,24.0,True,6.529036434761261,1.9456085142641302,66.9800469386234,-4.677628667116194,0.06547837095508922,98.60018022774224,25.0,0.0,,,,,,
pressure,Ridge,alpha=0.1,LOSO,48.0,True,6.529036434761261,2.5763276494429896,56.696154081378324,-4.677628667116194,0.06978909650762583,98.50802401228972,25.0,0.0,,,,,,
pressure,Ridge,alpha=0.1,LOSO,72.0,True,6.529036434761261,2.9847710966128282,50.31179461240939,-4.677628667116194,0.06162844226653573,98.68248536486479,25.0,0.0,,,,,,
pressure,Ridge,alpha=0.1,within_station,1.0,True,6.752148611111112,0.39402617411368446,94.16443273382212,-4.7768763888888905,0.00269361193135911,,,,7200.0,,,,,
pressure,Ridge,alpha=0.1,within_station,6.0,True,6.752148611111112,0.9383421499711808,86.10305838904262,-4.7768763888888905,0.04504576255174615,,,,7200.0,,,,,
pressure,Ridge,alpha=0.1,within_station,24.0,True,6.752148611111112,1.838206408283707,72.77597822330486,-4.7768763888888905,0.19886278579609648,,,,7200.0,,,,,
pressure,Ridge,alpha=0.1,within_station,48.0,True,6.752148611111112,2.3721677891401627,64.86795647186139,-4.7768763888888905,0.32020965274428753,,,,7200.0,,,,,
pressure,Ridge,alpha=0.1,within_station,72.0,True,6.752148611111112,2.780902254428019,58.81455793416842,-4.7768763888888905,0.2998472688937003,,,,7200.0,,,,,
pressure,Ridge,alpha=0.1,april,1.0,True,6.060950268336317,0.4087531599493492,93.2559558839352,-2.56318711985689,0.048143955103299475,,,,13975.0,,,,,
pressure,Ridge,alpha=0.1,april,6.0,True,6.0625192598459225,0.9962755131253913,83.56664168105732,-2.5753063575491417,0.12769813117495268,,,,13889.0,,,,,
pressure,Ridge,alpha=0.1,april,24.0,True,6.058929677134013,2.026683409760297,66.55047148989264,-2.6528306059265834,0.30375344714489616,,,,13566.0,,,,,
pressure,Ridge,alpha=0.1,april,48.0,True,6.0585370511841115,3.0243085229560274,50.081867992126234,-2.7928884644767016,0.33830768396013877,,,,13090.0,,,,,
pressure,Ridge,alpha=0.1,april,72.0,True,6.07176963847797,3.7777386718647605,37.7819170226007,-2.9150668459773774,0.374539147121052,,,,12641.0,,,,,
uv,HGB,"max_depth=10, lr=0.1",LOSO,1.0,True,,,,,,,26.0,,,0.30191934299329304,1.2116159788314924,1.4889944365880703,,
uv,HGB,"max_depth=10, lr=0.1",LOSO,6.0,True,,,,,,,26.0,,,0.3417833255492706,1.2116159788314924,1.4889944365880703,,
uv,HGB,"max_depth=10, lr=0.1",LOSO,24.0,True,,,,,,,26.0,,,0.31301635428071684,1.2116159788314924,1.4889944365880703,,
uv,HGB,"max_depth=10, lr=0.1",LOSO,48.0,True,,,,,,,26.0,,,0.3185976761100156,1.2116159788314924,1.4889944365880703,,
uv,HGB,"max_depth=10, lr=0.1",LOSO,72.0,True,,,,,,,26.0,,,0.31978293323959733,1.2116159788314924,1.4889944365880703,,
uv,HGB,"max_depth=10, lr=0.1",within_station,1.0,True,,,,,,,,,6960.0,0.2435311600933288,,,,
uv,HGB,"max_depth=10, lr=0.1",within_station,6.0,True,,,,,,,,,6960.0,0.26109421206570144,,,,
uv,HGB,"max_depth=10, lr=0.1",within_station,24.0,True,,,,,,,,,6960.0,0.2528073039494079,,,,
uv,HGB,"max_depth=10, lr=0.1",within_station,48.0,True,,,,,,,,,6960.0,0.25832807571721306,,,,
uv,HGB,"max_depth=10, lr=0.1",within_station,72.0,True,,,,,,,,,6960.0,0.2542808181125235,,,,
uv,HGB,"max_depth=10, lr=0.1",april,1.0,True,,,,,,,,,12339.0,0.5334314632926188,,,225.92888160490224,
uv,HGB,"max_depth=10, lr=0.1",april,6.0,True,,,,,,,,,12273.0,0.7204326124040872,,,227.14213885137204,
uv,HGB,"max_depth=10, lr=0.1",april,24.0,True,,,,,,,,,11996.0,0.538615423806299,,,226.11259011668702,
uv,HGB,"max_depth=10, lr=0.1",april,48.0,True,,,,,,,,,11590.0,0.5314788003404951,,,226.7553928971743,
uv,HGB,"max_depth=10, lr=0.1",april,72.0,True,,,,,,,,,11211.0,0.5342676215823614,,,225.9953337634293,
wind_direction,Ridge,alpha=10.0,LOSO,1.0,True,72.93963168825489,39.17966981589241,31.845307949524,,,,26.0,2.0,,,,,,
wind_direction,Ridge,alpha=10.0,LOSO,6.0,True,72.93963168825489,55.35809038104493,4.349838160987808,,,,26.0,11.0,,,,,,
wind_direction,Ridge,alpha=10.0,LOSO,24.0,True,72.93963168825489,56.42460524512813,3.8910597091596406,,,,26.0,11.0,,,,,,
wind_direction,Ridge,alpha=10.0,LOSO,48.0,True,72.93963168825489,58.813548066856534,0.39267873688484395,,,,26.0,12.0,,,,,,
wind_direction,Ridge,alpha=10.0,LOSO,72.0,True,72.93963168825489,59.93082894470727,-1.2181943092865881,,,,26.0,13.0,,,,,,
wind_direction,Ridge,alpha=10.0,within_station,1.0,True,72.90014367816092,35.31705937312068,51.55419785036611,,,,,,6960.0,,,,,
wind_direction,Ridge,alpha=10.0,within_station,6.0,True,72.90014367816092,48.746488460618124,33.13252073161363,,,,,,6960.0,,,,,
wind_direction,Ridge,alpha=10.0,within_station,24.0,True,72.90014367816092,48.25941478209264,33.800658891499594,,,,,,6960.0,,,,,
wind_direction,Ridge,alpha=10.0,within_station,48.0,True,72.90014367816092,50.35500315740837,30.926057732183203,,,,,,6960.0,,,,,
wind_direction,Ridge,alpha=10.0,within_station,72.0,True,72.90014367816092,52.21662833144572,28.37239311629981,,,,,,6960.0,,,,,
wind_direction,Ridge,alpha=10.0,april,1.0,True,69.40817732393225,33.26063838084693,52.07965449716757,,,,,,12339.0,,,,,
wind_direction,Ridge,alpha=10.0,april,6.0,True,69.53992503870285,52.28852784278455,24.80790306621258,,,,,,12273.0,,,,,
wind_direction,Ridge,alpha=10.0,april,24.0,True,69.81356285428477,48.74869671764579,30.173028385051303,,,,,,11996.0,,,,,
wind_direction,Ridge,alpha=10.0,april,48.0,True,70.15547886108715,51.99785041878389,25.88198204484735,,,,,,11590.0,,,,,
wind_direction,Ridge,alpha=10.0,april,72.0,True,70.22651859780572,53.284557373364976,24.1247345913145,,,,,,11211.0,,,,,
rain_occurrence,investigated_not_shipped,,see_rain_appendix,,False,,,,,,,,,,,,,,"see rain_appendix.md - persistence-dominated, excluded from v1"
rain_amount,investigated_not_shipped,,see_rain_appendix,,False,,,,,,,,,,,,,,"see rain_appendix.md - persistence-dominated, excluded from v1"
