station_id,hour_utc,n_raw_records,latitude,longitude,qc_status,epoch,solar_radiation_high_wm2,uv_high,winddir_avg_deg,humidity_avg_pct,humidity_high_pct,humidity_low_pct,temp_avg_c,temp_high_c,temp_low_c,windspeed_avg_kmh,windspeed_high_kmh,windspeed_low_kmh,windgust_avg_kmh,windgust_high_kmh,windgust_low_kmh,dewpoint_avg_c,dewpoint_high_c,dewpoint_low_c,windchill_avg_c,windchill_high_c,windchill_low_c,heatindex_avg_c,heatindex_high_c,heatindex_low_c,pressure_max_hpa,pressure_min_hpa,pressure_trend_hpa,precip_rate_mmh,precip_total_mm,timestamp_utc_dt,timestamp_utc,timestamp_local,data_present,elevation
I90583612,2025-10-07 18:00:00+00:00,2.0,31.976779,12.482434,-1.0,1759859972.0,0.0,0.0,50.5,61.5,62.0,61.5,17.0,17.5,17.0,0.0,1.0,0.0,1.0,3.0,0.0,10.0,10.0,10.0,17.0,17.5,17.0,17.0,17.5,17.0,1014.56,1013.88,0.41,0.0,0.0,2025-10-07 18:00:00+00:00,2025-10-07 18:00:00,2025-10-07 19:59:32,1,202.0
I90583612,2025-10-07 19:00:00+00:00,,31.976779,12.482434,,1759863600.0,,,,,,,,,,,,,,,,,,,,,,,,,,,,,,2025-10-07 19:00:00+00:00,2025-10-07 19:00:00,,0,202.0
I90583612,2025-10-07 20:00:00+00:00,,31.976779,12.482434,,1759867200.0,,,,,,,,,,,,,,,,,,,,,,,,,,,,,,2025-10-07 20:00:00+00:00,2025-10-07 20:00:00,,0,202.0
I90583612,2025-10-07 21:00:00+00:00,,31.976779,12.482434,,1759870800.0,,,,,,,,,,,,,,,,,,,,,,,,,,,,,,2025-10-07 21:00:00+00:00,2025-10-07 21:00:00,,0,202.0
I90583612,2025-10-07 22:00:00+00:00,,31.976779,12.482434,,1759874400.0,,,,,,,,,,,,,,,,,,,,,,,,,,,,,,2025-10-07 22:00:00+00:00,2025-10-07 22:00:00,,0,202.0
I90583612,2025-10-07 23:00:00+00:00,,31.976779,12.482434,,1759878000.0,,,,,,,,,,,,,,,,,,,,,,,,,,,,,,2025-10-07 23:00:00+00:00,2025-10-07 23:00:00,,0,202.0
I90583612,2025-10-08 00:00:00+00:00,,31.976779,12.482434,,1759881600.0,,,,,,,,,,,,,,,,,,,,,,,,,,,,,,2025-10-08 00:00:00+00:00,2025-10-08 00:00:00,,0,202.0
I90583612,2025-10-08 01:00:00+00:00,,31.976779,12.482434,,1759885200.0,,,,,,,,,,,,,,,,,,,,,,,,,,,,,,2025-10-08 01:00:00+00:00,2025-10-08 01:00:00,,0,202.0
I90583612,2025-10-08 02:00:00+00:00,,31.976779,12.482434,,1759888800.0,,,,,,,,,,,,,,,,,,,,,,,,,,,,,,2025-10-08 02:00:00+00:00,2025-10-08 02:00:00,,0,202.0
I90583612,2025-10-08 03:00:00+00:00,,31.976779,12.482434,,1759892400.0,,,,,,,,,,,,,,,,,,,,,,,,,,,,,,2025-10-08 03:00:00+00:00,2025-10-08 03:00:00,,0,202.0
I90583612,2025-10-08 04:00:00+00:00,,31.976779,12.482434,,1759896000.0,,,,,,,,,,,,,,,,,,,,,,,,,,,,,,2025-10-08 04:00:00+00:00,2025-10-08 04:00:00,,0,202.0
I90583612,2025-10-08 05:00:00+00:00,,31.976779,12.482434,,1759899600.0,,,,,,,,,,,,,,,,,,,,,,,,,,,,,,2025-10-08 05:00:00+00:00,2025-10-08 05:00:00,,0,202.0
I90583612,2025-10-08 06:00:00+00:00,,31.976779,12.482434,,1759903200.0,,,,,,,,,,,,,,,,,,,,,,,,,,,,,,2025-10-08 06:00:00+00:00,2025-10-08 06:00:00,,0,202.0
I90583612,2025-10-08 07:00:00+00:00,,31.976779,12.482434,,1759906800.0,,,,,,,,,,,,,,,,,,,,,,,,,,,,,,2025-10-08 07:00:00+00:00,2025-10-08 07:00:00,,0,202.0
I90583612,2025-10-08 08:00:00+00:00,,31.976779,12.482434,,1759910400.0,,,,,,,,,,,,,,,,,,,,,,,,,,,,,,2025-10-08 08:00:00+00:00,2025-10-08 08:00:00,,0,202.0
I90583612,2025-10-08 09:00:00+00:00,,31.976779,12.482434,,1759914000.0,,,,,,,,,,,,,,,,,,,,,,,,,,,,,,2025-10-08 09:00:00+00:00,2025-10-08 09:00:00,,0,202.0
I90583612,2025-10-08 10:00:00+00:00,,31.976779,12.482434,,1759917600.0,,,,,,,,,,,,,,,,,,,,,,,,,,,,,,2025-10-08 10:00:00+00:00,2025-10-08 10:00:00,,0,202.0
I90583612,2025-10-08 11:00:00+00:00,,31.976779,12.482434,,1759921200.0,,,,,,,,,,,,,,,,,,,,,,,,,,,,,,2025-10-08 11:00:00+00:00,2025-10-08 11:00:00,,0,202.0
I90583612,2025-10-08 12:00:00+00:00,,31.976779,12.482434,,1759924800.0,,,,,,,,,,,,,,,,,,,,,,,,,,,,,,2025-10-08 12:00:00+00:00,2025-10-08 12:00:00,,0,202.0
I90583612,2025-10-08 13:00:00+00:00,,31.976779,12.482434,,1759928400.0,,,,,,,,,,,,,,,,,,,,,,,,,,,,,,2025-10-08 13:00:00+00:00,2025-10-08 13:00:00,,0,202.0
I90583612,2025-10-08 14:00:00+00:00,,31.976779,12.482434,,1759932000.0,,,,,,,,,,,,,,,,,,,,,,,,,,,,,,2025-10-08 14:00:00+00:00,2025-10-08 14:00:00,,0,202.0
I90583612,2025-10-08 15:00:00+00:00,,31.976779,12.482434,,1759935600.0,,,,,,,,,,,,,,,,,,,,,,,,,,,,,,2025-10-08 15:00:00+00:00,2025-10-08 15:00:00,,0,202.0
I90583612,2025-10-08 16:00:00+00:00,,31.976779,12.482434,,1759939200.0,,,,,,,,,,,,,,,,,,,,,,,,,,,,,,2025-10-08 16:00:00+00:00,2025-10-08 16:00:00,,0,202.0
I90583612,2025-10-08 17:00:00+00:00,,31.976779,12.482434,,1759942800.0,,,,,,,,,,,,,,,,,,,,,,,,,,,,,,2025-10-08 17:00:00+00:00,2025-10-08 17:00:00,,0,202.0
I90583612,2025-10-08 18:00:00+00:00,,31.976779,12.482434,,1759946400.0,,,,,,,,,,,,,,,,,,,,,,,,,,,,,,2025-10-08 18:00:00+00:00,2025-10-08 18:00:00,,0,202.0
I90583612,2025-10-08 19:00:00+00:00,,31.976779,12.482434,,1759950000.0,,,,,,,,,,,,,,,,,,,,,,,,,,,,,,2025-10-08 19:00:00+00:00,2025-10-08 19:00:00,,0,202.0
I90583612,2025-10-08 20:00:00+00:00,,31.976779,12.482434,,1759953600.0,,,,,,,,,,,,,,,,,,,,,,,,,,,,,,2025-10-08 20:00:00+00:00,2025-10-08 20:00:00,,0,202.0
I90583612,2025-10-08 21:00:00+00:00,,31.976779,12.482434,,1759957200.0,,,,,,,,,,,,,,,,,,,,,,,,,,,,,,2025-10-08 21:00:00+00:00,2025-10-08 21:00:00,,0,202.0
I90583612,2025-10-08 22:00:00+00:00,,31.976779,12.482434,,1759960800.0,,,,,,,,,,,,,,,,,,,,,,,,,,,,,,2025-10-08 22:00:00+00:00,2025-10-08 22:00:00,,0,202.0
I90583612,2025-10-08 23:00:00+00:00,,31.976779,12.482434,,1759964400.0,,,,,,,,,,,,,,,,,,,,,,,,,,,,,,2025-10-08 23:00:00+00:00,2025-10-08 23:00:00,,0,202.0
I90583612,2025-10-09 00:00:00+00:00,,31.976779,12.482434,,1759968000.0,,,,,,,,,,,,,,,,,,,,,,,,,,,,,,2025-10-09 00:00:00+00:00,2025-10-09 00:00:00,,0,202.0
I90583612,2025-10-09 01:00:00+00:00,,31.976779,12.482434,,1759971600.0,,,,,,,,,,,,,,,,,,,,,,,,,,,,,,2025-10-09 01:00:00+00:00,2025-10-09 01:00:00,,0,202.0
I90583612,2025-10-09 02:00:00+00:00,,31.976779,12.482434,,1759975200.0,,,,,,,,,,,,,,,,,,,,,,,,,,,,,,2025-10-09 02:00:00+00:00,2025-10-09 02:00:00,,0,202.0
I90583612,2025-10-09 03:00:00+00:00,,31.976779,12.482434,,1759978800.0,,,,,,,,,,,,,,,,,,,,,,,,,,,,,,2025-10-09 03:00:00+00:00,2025-10-09 03:00:00,,0,202.0
I90583612,2025-10-09 04:00:00+00:00,,31.976779,12.482434,,1759982400.0,,,,,,,,,,,,,,,,,,,,,,,,,,,,,,2025-10-09 04:00:00+00:00,2025-10-09 04:00:00,,0,202.0
I90583612,2025-10-09 05:00:00+00:00,,31.976779,12.482434,,1759986000.0,,,,,,,,,,,,,,,,,,,,,,,,,,,,,,2025-10-09 05:00:00+00:00,2025-10-09 05:00:00,,0,202.0
I90583612,2025-10-09 06:00:00+00:00,,31.976779,12.482434,,1759989600.0,,,,,,,,,,,,,,,,,,,,,,,,,,,,,,2025-10-09 06:00:00+00:00,2025-10-09 06:00:00,,0,202.0
I90583612,2025-10-09 07:00:00+00:00,,31.976779,12.482434,,1759993200.0,,,,,,,,,,,,,,,,,,,,,,,,,,,,,,2025-10-09 07:00:00+00:00,2025-10-09 07:00:00,,0,202.0
I90583612,2025-10-09 08:00:00+00:00,,31.976779,12.482434,,1759996800.0,,,,,,,,,,,,,,,,,,,,,,,,,,,,,,2025-10-09 08:00:00+00:00,2025-10-09 08:00:00,,0,202.0
I90583612,2025-10-09 09:00:00+00:00,,31.976779,12.482434,,1760000400.0,,,,,,,,,,,,,,,,,,,,,,,,,,,,,,2025-10-09 09:00:00+00:00,2025-10-09 09:00:00,,0,202.0
I90583612,2025-10-09 10:00:00+00:00,,31.976779,12.482434,,1760004000.0,,,,,,,,,,,,,,,,,,,,,,,,,,,,,,2025-10-09 10:00:00+00:00,2025-10-09 10:00:00,,0,202.0
I90583612,2025-10-09 11:00:00+00:00,,31.976779,12.482434,,1760007600.0,,,,,,,,,,,,,,,,,,,,,,,,,,,,,,2025-10-09 11:00:00+00:00,2025-10-09 11:00:00,,0,202.0
I90583612,2025-10-09 12:00:00+00:00,,31.976779,12.482434,,1760011200.0,,,,,,,,,,,,,,,,,,,,,,,,,,,,,,2025-10-09 12:00:00+00:00,2025-10-09 12:00:00,,0,202.0
I90583612,2025-10-09 13:00:00+00:00,,31.976779,12.482434,,1760014800.0,,,,,,,,,,,,,,,,,,,,,,,,,,,,,,2025-10-09 13:00:00+00:00,2025-10-09 13:00:00,,0,202.0
I90583612,2025-10-09 14:00:00+00:00,,31.976779,12.482434,,1760018400.0,,,,,,,,,,,,,,,,,,,,,,,,,,,,,,2025-10-09 14:00:00+00:00,2025-10-09 14:00:00,,0,202.0
I90583612,2025-10-09 15:00:00+00:00,,31.976779,12.482434,,1760022000.0,,,,,,,,,,,,,,,,,,,,,,,,,,,,,,2025-10-09 15:00:00+00:00,2025-10-09 15:00:00,,0,202.0
I90583612,2025-10-09 16:00:00+00:00,,31.976779,12.482434,,1760025600.0,,,,,,,,,,,,,,,,,,,,,,,,,,,,,,2025-10-09 16:00:00+00:00,2025-10-09 16:00:00,,0,202.0
I90583612,2025-10-09 17:00:00+00:00,,31.976779,12.482434,,1760029200.0,,,,,,,,,,,,,,,,,,,,,,,,,,,,,,2025-10-09 17:00:00+00:00,2025-10-09 17:00:00,,0,202.0
I90583612,2025-10-09 18:00:00+00:00,,31.976779,12.482434,,1760032800.0,,,,,,,,,,,,,,,,,,,,,,,,,,,,,,2025-10-09 18:00:00+00:00,2025-10-09 18:00:00,,0,202.0
I90583612,2025-10-09 19:00:00+00:00,,31.976779,12.482434,,1760036400.0,,,,,,,,,,,,,,,,,,,,,,,,,,,,,,2025-10-09 19:00:00+00:00,2025-10-09 19:00:00,,0,202.0
I90583612,2025-10-09 20:00:00+00:00,,31.976779,12.482434,,1760040000.0,,,,,,,,,,,,,,,,,,,,,,,,,,,,,,2025-10-09 20:00:00+00:00,2025-10-09 20:00:00,,0,202.0
I90583612,2025-10-09 21:00:00+00:00,,31.976779,12.482434,,1760043600.0,,,,,,,,,,,,,,,,,,,,,,,,,,,,,,2025-10-09 21:00:00+00:00,2025-10-09 21:00:00,,0,202.0
I90583612,2025-10-09 22:00:00+00:00,,31.976779,12.482434,,1760047200.0,,,,,,,,,,,,,,,,,,,,,,,,,,,,,,2025-10-09 22:00:00+00:00,2025-10-09 22:00:00,,0,202.0
I90583612,2025-10-09 23:00:00+00:00,,31.976779,12.482434,,1760050800.0,,,,,,,,,,,,,,,,,,,,,,,,,,,,,,2025-10-09 23:00:00+00:00,2025-10-09 23:00:00,,0,202.0
I90583612,2025-10-10 00:00:00+00:00,,31.976779,12.482434,,1760054400.0,,,,,,,,,,,,,,,,,,,,,,,,,,,,,,2025-10-10 00:00:00+00:00,2025-10-10 00:00:00,,0,202.0
I90583612,2025-10-10 01:00:00+00:00,,31.976779,12.482434,,1760058000.0,,,,,,,,,,,,,,,,,,,,,,,,,,,,,,2025-10-10 01:00:00+00:00,2025-10-10 01:00:00,,0,202.0
I90583612,2025-10-10 02:00:00+00:00,,31.976779,12.482434,,1760061600.0,,,,,,,,,,,,,,,,,,,,,,,,,,,,,,2025-10-10 02:00:00+00:00,2025-10-10 02:00:00,,0,202.0
I90583612,2025-10-10 03:00:00+00:00,,31.976779,12.482434,,1760065200.0,,,,,,,,,,,,,,,,,,,,,,,,,,,,,,2025-10-10 03:00:00+00:00,2025-10-10 03:00:00,,0,202.0
I90583612,2025-10-10 04:00:00+00:00,,31.976779,12.482434,,1760068800.0,,,,,,,,,,,,,,,,,,,,,,,,,,,,,,2025-10-10 04:00:00+00:00,2025-10-10 04:00:00,,0,202.0
I90583612,2025-10-10 05:00:00+00:00,,31.976779,12.482434,,1760072400.0,,,,,,,,,,,,,,,,,,,,,,,,,,,,,,2025-10-10 05:00:00+00:00,2025-10-10 05:00:00,,0,202.0
I90583612,2025-10-10 06:00:00+00:00,,31.976779,12.482434,,1760076000.0,,,,,,,,,,,,,,,,,,,,,,,,,,,,,,2025-10-10 06:00:00+00:00,2025-10-10 06:00:00,,0,202.0
I90583612,2025-10-10 07:00:00+00:00,,31.976779,12.482434,,1760079600.0,,,,,,,,,,,,,,,,,,,,,,,,,,,,,,2025-10-10 07:00:00+00:00,2025-10-10 07:00:00,,0,202.0
I90583612,2025-10-10 08:00:00+00:00,,31.976779,12.482434,,1760083200.0,,,,,,,,,,,,,,,,,,,,,,,,,,,,,,2025-10-10 08:00:00+00:00,2025-10-10 08:00:00,,0,202.0
I90583612,2025-10-10 09:00:00+00:00,1.0,31.976779,12.482434,-1.0,1760086785.0,381.29,3.0,354.0,37.0,37.0,37.0,22.0,22.0,22.0,0.0,1.0,0.0,1.0,3.0,0.0,7.0,7.0,7.0,22.0,22.0,22.0,21.0,22.0,21.0,1013.21,1012.87,0.0,0.0,0.0,2025-10-10 09:00:00+00:00,2025-10-10 09:00:00,2025-10-10 10:59:45,1,202.0
I90583612,2025-10-10 10:00:00+00:00,1.0,31.976779,12.482434,-1.0,1760090368.0,472.18,3.0,136.0,35.0,37.0,35.0,23.0,23.0,22.0,0.0,2.0,0.0,2.0,4.0,0.0,7.0,7.0,6.0,23.0,23.0,22.0,22.0,23.0,21.0,1013.21,1012.87,-0.35,0.0,0.0,2025-10-10 10:00:00+00:00,2025-10-10 10:00:00,2025-10-10 11:59:28,1,202.0
I90583612,2025-10-10 11:00:00+00:00,1.0,31.976779,12.482434,-1.0,1760093968.0,476.28,4.0,87.0,34.0,35.0,33.0,24.0,25.0,23.0,0.0,1.0,0.0,1.0,4.0,0.0,7.0,8.0,7.0,24.0,25.0,23.0,23.0,24.0,22.0,1012.87,1012.19,-0.69,0.0,0.0,2025-10-10 11:00:00+00:00,2025-10-10 11:00:00,2025-10-10 12:59:28,1,202.0
I90583612,2025-10-10 12:00:00+00:00,1.0,31.976779,12.482434,-1.0,1760097568.0,468.9,4.0,180.0,32.0,33.0,32.0,25.0,26.0,24.0,0.0,1.0,0.0,1.0,4.0,0.0,7.0,8.0,7.0,25.0,26.0,24.0,24.0,25.0,23.0,1012.53,1011.51,-1.03,0.0,0.0,2025-10-10 12:00:00+00:00,2025-10-10 12:00:00,2025-10-10 13:59:28,1,202.0
I90583612,2025-10-10 13:00:00+00:00,1.0,31.976779,12.482434,-1.0,1760101168.0,428.15,3.0,186.0,31.0,32.0,31.0,26.0,26.0,25.0,0.0,2.0,0.0,1.0,4.0,0.0,7.0,8.0,7.0,26.0,26.0,25.0,25.0,26.0,25.0,1011.85,1010.84,-0.34,0.0,0.0,2025-10-10 13:00:00+00:00,2025-10-10 13:00:00,2025-10-10 14:59:28,1,202.0
I90583612,2025-10-10 14:00:00+00:00,1.0,31.976779,12.482434,-1.0,1760104768.0,349.23,3.0,209.0,30.0,32.0,29.0,26.0,27.0,25.0,0.0,1.0,0.0,1.0,3.0,0.0,7.0,8.0,7.0,26.0,27.0,25.0,26.0,27.0,25.0,1011.18,1010.5,-0.69,0.0,0.0,2025-10-10 14:00:00+00:00,2025-10-10 14:00:00,2025-10-10 15:59:28,1,202.0
I90583612,2025-10-10 15:00:00+00:00,1.0,31.976779,12.482434,-1.0,1760108368.0,241.12,2.0,269.0,30.0,31.0,30.0,26.0,27.0,26.0,0.0,1.0,0.0,1.0,3.0,0.0,8.0,8.0,7.0,26.0,27.0,26.0,26.0,26.0,25.0,1010.84,1010.5,-0.34,0.0,0.0,2025-10-10 15:00:00+00:00,2025-10-10 15:00:00,2025-10-10 16:59:28,1,202.0
I90583612,2025-10-10 16:00:00+00:00,1.0,31.976779,12.482434,-1.0,1760111962.0,104.22,1.0,193.0,30.0,31.0,30.0,26.0,27.0,26.0,0.0,1.0,0.0,1.0,3.0,0.0,8.0,8.0,7.0,26.0,27.0,26.0,26.0,27.0,25.0,1011.18,1010.5,0.0,0.0,0.0,2025-10-10 16:00:00+00:00,2025-10-10 16:00:00,2025-10-10 17:59:22,1,202.0
I90583612,2025-10-10 17:00:00+00:00,1.0,31.976779,12.482434,-1.0,1760115562.0,38.6,1.0,14.0,32.0,39.0,31.0,25.0,26.0,23.0,0.0,1.0,0.0,1.0,4.0,0.0,7.0,9.0,7.0,25.0,26.0,23.0,24.0,25.0,22.0,1011.18,1010.84,0.34,0.0,0.0,2025-10-10 17:00:00+00:00,2025-10-10 17:00:00,2025-10-10 18:59:22,1,202.0
I90583612,2025-10-10 18:00:00+00:00,1.0,31.976779,12.482434,-1.0,1760119162.0,0.32,0.0,129.0,43.0,46.0,40.0,22.0,23.0,21.0,1.0,2.0,0.0,2.0,5.0,0.0,9.0,9.0,9.0,22.0,23.0,21.0,22.0,22.0,21.0,1011.85,1011.18,0.34,0.0,0.0,2025-10-10 18:00:00+00:00,2025-10-10 18:00:00,2025-10-10 19:59:22,1,202.0
I90583612,2025-10-10 19:00:00+00:00,1.0,31.976779,12.482434,-1.0,1760121797.0,0.0,0.0,174.0,48.0,50.0,46.0,21.0,21.0,21.0,0.0,1.0,0.0,1.0,4.0,0.0,10.0,10.0,9.0,21.0,21.0,21.0,21.0,21.0,21.0,1011.85,1011.51,0.47,0.0,0.0,2025-10-10 19:00:00+00:00,2025-10-10 19:00:00,2025-10-10 20:43:17,1,202.0
I90583612,2025-10-10 20:00:00+00:00,,31.976779,12.482434,,1760126400.0,,,,,,,,,,,,,,,,,,,,,,,,,,,,,,2025-10-10 20:00:00+00:00,2025-10-10 20:00:00,,0,202.0
I90583612,2025-10-10 21:00:00+00:00,,31.976779,12.482434,,1760130000.0,,,,,,,,,,,,,,,,,,,,,,,,,,,,,,2025-10-10 21:00:00+00:00,2025-10-10 21:00:00,,0,202.0
I90583612,2025-10-10 22:00:00+00:00,1.0,31.976779,12.482434,-1.0,1760133315.0,0.0,0.0,270.0,46.0,46.0,46.0,19.0,19.0,19.0,0.0,0.0,0.0,0.0,0.0,0.0,7.0,7.0,7.0,19.0,19.0,19.0,19.0,19.0,19.0,1012.19,1012.19,,0.0,0.0,2025-10-10 22:00:00+00:00,2025-10-10 22:00:00,2025-10-10 23:55:15,1,202.0
I90583612,2025-10-10 23:00:00+00:00,1.0,31.976779,12.482434,-1.0,1760137166.0,0.0,0.0,204.0,46.0,51.0,43.0,18.0,19.0,18.0,1.0,1.0,0.0,2.0,4.0,0.0,6.0,7.0,6.0,18.0,19.0,18.0,18.0,19.0,18.0,1012.53,1011.85,-0.45,0.0,0.0,2025-10-10 23:00:00+00:00,2025-10-10 23:00:00,2025-10-11 00:59:26,1,202.0
I90583612,2025-10-11 00:00:00+00:00,1.0,31.976779,12.482434,-1.0,1760140752.0,0.0,0.0,53.0,53.0,56.0,51.0,17.0,18.0,17.0,0.0,1.0,0.0,1.0,3.0,0.0,8.0,8.0,7.0,17.0,18.0,17.0,17.0,18.0,17.0,1012.53,1011.85,-0.35,0.0,0.0,2025-10-11 00:00:00+00:00,2025-10-11 00:00:00,2025-10-11 01:59:12,1,202.0
I90583612,2025-10-11 01:00:00+00:00,1.0,31.976779,12.482434,-1.0,1760144352.0,0.0,0.0,209.0,57.0,58.0,56.0,16.0,17.0,16.0,0.0,1.0,0.0,0.0,1.0,0.0,7.0,8.0,7.0,16.0,17.0,16.0,16.0,17.0,16.0,1012.19,1011.85,-0.34,0.0,0.0,2025-10-11 01:00:00+00:00,2025-10-11 01:00:00,2025-10-11 02:59:12,1,202.0
I90583612,2025-10-11 02:00:00+00:00,1.0,31.976779,12.482434,-1.0,1760147952.0,0.0,1.0,301.0,58.0,59.0,57.0,15.0,16.0,15.0,0.0,0.0,0.0,0.0,1.0,0.0,7.0,7.0,7.0,15.0,16.0,15.0,15.0,16.0,15.0,1011.85,1011.51,-0.34,0.0,0.0,2025-10-11 02:00:00+00:00,2025-10-11 02:00:00,2025-10-11 03:59:12,1,202.0
I90583612,2025-10-11 03:00:00+00:00,1.0,31.976779,12.482434,-1.0,1760151552.0,0.0,1.0,109.0,61.0,66.0,59.0,15.0,15.0,14.0,0.0,1.0,0.0,0.0,3.0,0.0,7.0,8.0,7.0,15.0,15.0,14.0,15.0,15.0,14.0,1011.85,1011.51,-0.34,0.0,0.0,2025-10-11 03:00:00+00:00,2025-10-11 03:00:00,2025-10-11 04:59:12,1,202.0
I90583612,2025-10-11 04:00:00+00:00,1.0,31.976779,12.482434,-1.0,1760155152.0,0.0,1.0,236.0,72.0,76.0,66.0,15.0,15.0,15.0,0.0,1.0,0.0,1.0,3.0,0.0,10.0,11.0,8.0,15.0,15.0,15.0,15.0,15.0,15.0,1012.19,1011.51,0.34,0.0,0.0,2025-10-11 04:00:00+00:00,2025-10-11 04:00:00,2025-10-11 05:59:12,1,202.0
I90583612,2025-10-11 05:00:00+00:00,1.0,31.976779,12.482434,-1.0,1760158752.0,1.09,1.0,152.0,77.0,78.0,76.0,15.0,15.0,15.0,0.0,1.0,0.0,1.0,4.0,0.0,11.0,11.0,10.0,15.0,15.0,15.0,15.0,15.0,15.0,1012.53,1011.85,0.0,0.0,0.0,2025-10-11 05:00:00+00:00,2025-10-11 05:00:00,2025-10-11 06:59:12,1,202.0
I90583612,2025-10-11 06:00:00+00:00,1.0,31.976779,12.482434,-1.0,1760162352.0,56.01,1.0,213.0,79.0,80.0,78.0,14.0,15.0,14.0,0.0,1.0,0.0,0.0,3.0,0.0,11.0,11.0,10.0,14.0,15.0,14.0,14.0,15.0,14.0,1012.87,1012.19,0.34,0.0,0.0,2025-10-11 06:00:00+00:00,2025-10-11 06:00:00,2025-10-11 07:59:12,1,202.0
I90583612,2025-10-11 07:00:00+00:00,1.0,31.976779,12.482434,-1.0,1760165952.0,157.53,1.0,250.0,75.0,78.0,72.0,16.0,17.0,14.0,0.0,1.0,0.0,1.0,3.0,0.0,11.0,12.0,11.0,16.0,17.0,14.0,16.0,17.0,14.0,1013.21,1012.53,0.34,0.0,0.0,2025-10-11 07:00:00+00:00,2025-10-11 07:00:00,2025-10-11 08:59:12,1,202.0
I90583612,2025-10-11 08:00:00+00:00,1.0,31.976779,12.482434,-1.0,1760169552.0,281.38,2.0,336.0,65.0,72.0,59.0,18.0,19.0,17.0,0.0,2.0,0.0,2.0,4.0,0.0,12.0,12.0,11.0,18.0,19.0,17.0,18.0,19.0,17.0,1013.88,1013.21,0.34,0.0,0.0,2025-10-11 08:00:00+00:00,2025-10-11 08:00:00,2025-10-11 09:59:12,1,202.0
I90583612,2025-10-11 09:00:00+00:00,1.0,31.976779,12.482434,-1.0,1760173152.0,376.36,3.0,175.0,55.0,59.0,52.0,20.0,21.0,20.0,1.0,1.0,0.0,2.0,4.0,0.0,11.0,12.0,11.0,20.0,21.0,20.0,20.0,21.0,20.0,1013.88,1013.55,0.0,0.0,0.0,2025-10-11 09:00:00+00:00,2025-10-11 09:00:00,2025-10-11 10:59:12,1,202.0
I90583612,2025-10-11 10:00:00+00:00,1.0,31.976779,12.482434,-1.0,1760176752.0,466.09,3.0,132.0,48.0,53.0,44.0,22.0,23.0,21.0,1.0,3.0,0.0,2.0,5.0,0.0,11.0,11.0,10.0,22.0,23.0,21.0,22.0,22.0,21.0,1013.88,1013.21,-0.34,0.0,0.0,2025-10-11 10:00:00+00:00,2025-10-11 10:00:00,2025-10-11 11:59:12,1,202.0
I90583612,2025-10-11 11:00:00+00:00,1.0,31.976779,12.482434,-1.0,1760180352.0,471.7,4.0,171.0,41.0,45.0,39.0,24.0,24.0,23.0,0.0,1.0,0.0,2.0,4.0,0.0,10.0,10.0,9.0,24.0,24.0,23.0,23.0,24.0,22.0,1013.55,1012.53,-0.34,0.0,0.0,2025-10-11 11:00:00+00:00,2025-10-11 11:00:00,2025-10-11 12:59:12,1,202.0
I90583612,2025-10-11 12:00:00+00:00,1.0,31.976779,12.482434,-1.0,1760183952.0,467.31,4.0,247.0,37.0,39.0,36.0,25.0,25.0,24.0,0.0,2.0,0.0,1.0,4.0,0.0,9.0,10.0,9.0,25.0,25.0,24.0,24.0,25.0,23.0,1012.87,1011.85,-0.69,0.0,0.0,2025-10-11 12:00:00+00:00,2025-10-11 12:00:00,2025-10-11 13:59:12,1,202.0
I90583612,2025-10-11 13:00:00+00:00,1.0,31.976779,12.482434,-1.0,1760187552.0,422.08,3.0,184.0,35.0,36.0,34.0,26.0,26.0,25.0,0.0,1.0,0.0,1.0,3.0,0.0,9.0,10.0,9.0,26.0,26.0,25.0,25.0,26.0,25.0,1011.85,1011.18,-0.69,0.0,0.0,2025-10-11 13:00:00+00:00,2025-10-11 13:00:00,2025-10-11 14:59:12,1,202.0
I90583612,2025-10-11 14:00:00+00:00,1.0,31.976779,12.482434,-1.0,1760191152.0,348.55,3.0,134.0,35.0,36.0,33.0,26.0,28.0,25.0,0.0,1.0,0.0,1.0,3.0,0.0,9.0,10.0,9.0,26.0,28.0,25.0,26.0,27.0,25.0,1011.51,1010.84,-0.69,0.0,0.0,2025-10-11 14:00:00+00:00,2025-10-11 14:00:00,2025-10-11 15:59:12,1,202.0
I90583612,2025-10-11 15:00:00+00:00,1.0,31.976779,12.482434,-1.0,1760194752.0,302.55,2.0,89.0,35.0,37.0,35.0,26.0,27.0,25.0,0.0,1.0,0.0,1.0,3.0,0.0,10.0,10.0,9.0,26.0,27.0,25.0,25.0,26.0,25.0,1011.18,1010.5,0.0,0.0,0.0,2025-10-11 15:00:00+00:00,2025-10-11 15:00:00,2025-10-11 16:59:12,1,202.0
I90583612,2025-10-11 16:00:00+00:00,1.0,31.976779,12.482434,-1.0,1760198343.0,102.24,1.0,79.0,34.0,35.0,34.0,26.0,26.0,25.0,0.0,1.0,0.0,1.0,3.0,0.0,9.0,9.0,8.0,26.0,26.0,25.0,25.0,26.0,25.0,1010.84,1010.16,0.35,0.0,0.0,2025-10-11 16:00:00+00:00,2025-10-11 16:00:00,2025-10-11 17:59:03,1,202.0
I90583612,2025-10-11 17:00:00+00:00,1.0,31.976779,12.482434,-1.0,1760201943.0,38.35,1.0,140.0,37.0,39.0,35.0,24.0,25.0,23.0,1.0,2.0,0.0,2.0,5.0,0.0,9.0,9.0,8.0,24.0,25.0,23.0,24.0,25.0,23.0,1011.18,1010.5,0.0,0.0,0.0,2025-10-11 17:00:00+00:00,2025-10-11 17:00:00,2025-10-11 18:59:03,1,202.0
I90583612,2025-10-11 18:00:00+00:00,1.0,31.976779,12.482434,-1.0,1760205543.0,0.24,0.0,197.0,40.0,42.0,39.0,23.0,23.0,22.0,0.0,1.0,0.0,1.0,4.0,0.0,8.0,9.0,8.0,23.0,23.0,22.0,22.0,23.0,21.0,1011.18,1010.5,0.34,0.0,0.0,2025-10-11 18:00:00+00:00,2025-10-11 18:00:00,2025-10-11 19:59:03,1,202.0
I90583612,2025-10-11 19:00:00+00:00,1.0,31.976779,12.482434,-1.0,1760209142.0,0.0,0.0,228.0,43.0,46.0,40.0,21.0,22.0,21.0,0.0,2.0,0.0,1.0,4.0,0.0,8.0,9.0,8.0,21.0,22.0,21.0,21.0,21.0,20.0,1011.85,1011.18,0.34,0.0,0.0,2025-10-11 19:00:00+00:00,2025-10-11 19:00:00,2025-10-11 20:59:02,1,202.0
I90583612,2025-10-11 20:00:00+00:00,1.0,31.976779,12.482434,-1.0,1760212743.0,0.0,0.0,8.0,48.0,50.0,46.0,20.0,21.0,20.0,1.0,1.0,0.0,2.0,3.0,1.0,9.0,9.0,9.0,20.0,21.0,20.0,20.0,21.0,20.0,1012.19,1011.51,0.69,0.0,0.0,2025-10-11 20:00:00+00:00,2025-10-11 20:00:00,2025-10-11 21:59:03,1,202.0
I90583612,2025-10-11 21:00:00+00:00,1.0,31.976779,12.482434,-1.0,1760216343.0,0.0,0.0,137.0,60.0,69.0,50.0,19.0,20.0,19.0,1.0,1.0,0.0,2.0,4.0,0.0,11.0,13.0,9.0,19.0,20.0,19.0,19.0,20.0,19.0,1012.53,1011.85,0.69,0.0,0.0,2025-10-11 21:00:00+00:00,2025-10-11 21:00:00,2025-10-11 22:59:03,1,202.0
I90583612,2025-10-11 22:00:00+00:00,1.0,31.976779,12.482434,-1.0,1760219943.0,0.0,0.0,300.0,72.0,74.0,69.0,18.0,19.0,18.0,1.0,2.0,0.0,2.0,4.0,0.0,13.0,13.0,13.0,18.0,19.0,18.0,18.0,19.0,18.0,1012.87,1012.19,-0.34,0.0,0.0,2025-10-11 22:00:00+00:00,2025-10-11 22:00:00,2025-10-11 23:59:03,1,202.0
I90583612,2025-10-11 23:00:00+00:00,1.0,31.976779,12.482434,-1.0,1760223543.0,0.0,0.0,181.0,75.0,76.0,74.0,17.0,18.0,17.0,1.0,2.0,0.0,2.0,4.0,0.0,13.0,13.0,13.0,17.0,18.0,17.0,17.0,18.0,17.0,1012.53,1012.19,0.34,0.0,0.0,2025-10-11 23:00:00+00:00,2025-10-11 23:00:00,2025-10-12 00:59:03,1,202.0
I90583612,2025-10-12 00:00:00+00:00,1.0,31.976779,12.482434,-1.0,1760227143.0,0.0,0.0,253.0,77.0,79.0,76.0,17.0,17.0,16.0,0.0,1.0,0.0,2.0,4.0,0.0,13.0,13.0,13.0,17.0,17.0,16.0,17.0,17.0,16.0,1012.53,1012.19,0.0,0.0,0.0,2025-10-12 00:00:00+00:00,2025-10-12 00:00:00,2025-10-12 01:59:03,1,202.0
I90583612,2025-10-12 01:00:00+00:00,1.0,31.976779,12.482434,-1.0,1760230743.0,0.0,0.0,286.0,79.0,81.0,79.0,16.0,16.0,15.0,0.0,1.0,0.0,1.0,3.0,0.0,12.0,13.0,12.0,16.0,16.0,15.0,16.0,16.0,15.0,1012.53,1011.85,-0.34,0.0,0.0,2025-10-12 01:00:00+00:00,2025-10-12 01:00:00,2025-10-12 02:59:03,1,202.0
I90583612,2025-10-12 02:00:00+00:00,1.0,31.976779,12.482434,-1.0,1760234343.0,0.0,0.0,209.0,81.0,81.0,81.0,15.0,16.0,15.0,0.0,1.0,0.0,1.0,3.0,0.0,12.0,12.0,12.0,15.0,16.0,15.0,15.0,16.0,15.0,1012.19,1011.51,-0.34,0.0,0.0,2025-10-12 02:00:00+00:00,2025-10-12 02:00:00,2025-10-12 03:59:03,1,202.0
I90583612,2025-10-12 03:00:00+00:00,2.0,31.976779,12.482434,-1.0,1760237943.0,0.0,1.0,220.0,81.0,82.0,81.0,15.0,15.0,14.5,0.0,0.5,0.0,0.0,1.0,0.0,12.0,12.0,11.5,15.0,15.0,14.5,15.0,15.0,14.5,1011.85,1011.18,0.08,0.0,0.0,2025-10-12 03:00:00+00:00,2025-10-12 03:00:00,2025-10-12 04:59:03,1,202.0
I90583612,2025-10-12 04:00:00+00:00,,31.976779,12.482434,,1760241600.0,,,,,,,,,,,,,,,,,,,,,,,,,,,,,,2025-10-12 04:00:00+00:00,2025-10-12 04:00:00,,0,202.0
I90583612,2025-10-12 05:00:00+00:00,,31.976779,12.482434,,1760245200.0,,,,,,,,,,,,,,,,,,,,,,,,,,,,,,2025-10-12 05:00:00+00:00,2025-10-12 05:00:00,,0,202.0
I90583612,2025-10-12 06:00:00+00:00,1.0,31.976779,12.482434,-1.0,1760248743.0,63.48,1.0,326.0,83.0,85.0,81.0,14.0,15.0,13.0,0.0,0.0,0.0,0.0,1.0,0.0,11.0,12.0,11.0,14.0,15.0,13.0,14.0,15.0,13.0,1011.85,1011.51,0.0,0.0,0.0,2025-10-12 06:00:00+00:00,2025-10-12 06:00:00,2025-10-12 07:59:03,1,202.0
I90583612,2025-10-12 07:00:00+00:00,1.0,31.976779,12.482434,-1.0,1760252343.0,184.25,2.0,75.0,79.0,81.0,78.0,16.0,17.0,15.0,0.0,2.0,0.0,1.0,4.0,0.0,12.0,13.0,12.0,16.0,17.0,15.0,16.0,17.0,15.0,1012.53,1011.85,0.69,0.0,0.0,2025-10-12 07:00:00+00:00,2025-10-12 07:00:00,2025-10-12 08:59:03,1,202.0
I90583612,2025-10-12 08:00:00+00:00,1.0,31.976779,12.482434,-1.0,1760255943.0,453.23,3.0,117.0,75.0,78.0,71.0,17.0,19.0,17.0,1.0,2.0,0.0,2.0,4.0,0.0,13.0,13.0,13.0,17.0,19.0,17.0,17.0,19.0,17.0,1012.87,1012.19,0.0,0.0,0.0,2025-10-12 08:00:00+00:00,2025-10-12 08:00:00,2025-10-12 09:59:03,1,202.0
I90583612,2025-10-12 09:00:00+00:00,1.0,31.976779,12.482434,-1.0,1760259543.0,439.63,3.0,349.0,67.0,71.0,63.0,19.0,20.0,18.0,1.0,2.0,0.0,2.0,4.0,0.0,13.0,13.0,13.0,19.0,20.0,18.0,19.0,20.0,18.0,1013.21,1012.87,0.0,0.0,0.0,2025-10-12 09:00:00+00:00,2025-10-12 09:00:00,2025-10-12 10:59:03,1,202.0
I90583612,2025-10-12 10:00:00+00:00,1.0,31.976779,12.482434,-1.0,1760263143.0,552.11,4.0,171.0,59.0,64.0,55.0,21.0,21.0,20.0,1.0,2.0,0.0,2.0,4.0,0.0,12.0,13.0,12.0,21.0,21.0,20.0,21.0,21.0,20.0,1012.87,1012.53,-0.34,0.0,0.0,2025-10-12 10:00:00+00:00,2025-10-12 10:00:00,2025-10-12 11:59:03,1,202.0
I90583612,2025-10-12 11:00:00+00:00,1.0,31.976779,12.482434,-1.0,1760266789.0,526.19,4.0,109.0,51.0,58.0,46.0,22.0,23.0,21.0,1.0,2.0,0.0,2.0,4.0,0.0,11.0,12.0,10.0,22.0,23.0,21.0,21.0,22.0,21.0,1012.87,1011.85,-1.02,0.0,0.0,2025-10-12 11:00:00+00:00,2025-10-12 11:00:00,2025-10-12 12:59:49,1,202.0
I90583612,2025-10-12 12:00:00+00:00,1.0,31.976779,12.482434,-1.0,1760270389.0,564.59,4.0,161.0,44.0,48.0,42.0,23.0,24.0,23.0,1.0,2.0,0.0,2.0,4.0,0.0,10.0,11.0,9.0,23.0,24.0,23.0,23.0,23.0,22.0,1012.19,1011.18,-0.34,0.0,0.0,2025-10-12 12:00:00+00:00,2025-10-12 12:00:00,2025-10-12 13:59:49,1,202.0
I90583612,2025-10-12 13:00:00+00:00,1.0,31.976779,12.482434,-1.0,1760273989.0,428.0,3.0,306.0,41.0,44.0,40.0,24.0,24.0,23.0,1.0,1.0,0.0,2.0,4.0,0.0,10.0,11.0,9.0,24.0,24.0,23.0,23.0,24.0,23.0,1011.51,1010.84,0.0,0.0,0.0,2025-10-12 13:00:00+00:00,2025-10-12 13:00:00,2025-10-12 14:59:49,1,202.0
I90583612,2025-10-12 14:00:00+00:00,1.0,31.976779,12.482434,-1.0,1760277589.0,347.98,3.0,223.0,40.0,41.0,39.0,24.0,25.0,24.0,0.0,2.0,0.0,1.0,4.0,0.0,10.0,10.0,9.0,24.0,25.0,24.0,24.0,24.0,24.0,1011.18,1010.5,-0.35,0.0,0.0,2025-10-12 14:00:00+00:00,2025-10-12 14:00:00,2025-10-12 15:59:49,1,202.0
I90583612,2025-10-12 15:00:00+00:00,1.0,31.976779,12.482434,-1.0,1760281189.0,230.28,2.0,176.0,39.0,40.0,38.0,24.0,25.0,24.0,0.0,1.0,0.0,1.0,3.0,0.0,10.0,10.0,9.0,24.0,25.0,24.0,24.0,25.0,24.0,1010.84,1010.16,-0.34,0.0,0.0,2025-10-12 15:00:00+00:00,2025-10-12 15:00:00,2025-10-12 16:59:49,1,202.0
I90583612,2025-10-12 16:00:00+00:00,1.0,31.976779,12.482434,-1.0,1760284789.0,94.36,1.0,245.0,39.0,40.0,39.0,24.0,24.0,24.0,0.0,1.0,0.0,1.0,4.0,0.0,10.0,10.0,9.0,24.0,24.0,24.0,24.0,24.0,23.0,1010.84,1010.16,0.34,0.0,0.0,2025-10-12 16:00:00+00:00,2025-10-12 16:00:00,2025-10-12 17:59:49,1,202.0
I90583612,2025-10-12 17:00:00+00:00,1.0,31.976779,12.482434,-1.0,1760287369.0,36.91,1.0,191.0,41.0,43.0,40.0,23.0,24.0,23.0,0.0,1.0,0.0,1.0,3.0,0.0,10.0,10.0,9.0,23.0,24.0,23.0,23.0,23.0,22.0,1010.84,1010.5,0.0,0.0,0.0,2025-10-12 17:00:00+00:00,2025-10-12 17:00:00,2025-10-12 18:42:49,1,202.0
I90583612,2025-10-12 18:00:00+00:00,1.0,31.976779,12.482434,-1.0,1760291982.0,0.0,0.0,326.0,45.0,47.0,44.0,22.0,22.0,21.0,0.0,0.0,0.0,0.0,1.0,0.0,9.0,10.0,9.0,22.0,22.0,21.0,21.0,22.0,21.0,1011.18,1010.84,0.43,0.0,0.0,2025-10-12 18:00:00+00:00,2025-10-12 18:00:00,2025-10-12 19:59:42,1,202.0
I90583612,2025-10-12 19:00:00+00:00,1.0,31.976779,12.482434,-1.0,1760295583.0,0.0,0.0,346.0,48.0,49.0,47.0,21.0,21.0,20.0,0.0,1.0,0.0,0.0,3.0,0.0,9.0,9.0,9.0,21.0,21.0,20.0,21.0,21.0,20.0,1011.51,1010.84,0.34,0.0,0.0,2025-10-12 19:00:00+00:00,2025-10-12 19:00:00,2025-10-12 20:59:43,1,202.0
I90583612,2025-10-12 20:00:00+00:00,1.0,31.976779,12.482434,-1.0,1760299183.0,0.0,0.0,93.0,49.0,51.0,49.0,20.0,20.0,19.0,0.0,1.0,0.0,1.0,3.0,0.0,9.0,9.0,9.0,20.0,20.0,19.0,20.0,20.0,19.0,1011.51,1011.18,0.34,0.0,0.0,2025-10-12 20:00:00+00:00,2025-10-12 20:00:00,2025-10-12 21:59:43,1,202.0
I90583612,2025-10-12 21:00:00+00:00,1.0,31.976779,12.482434,-1.0,1760302783.0,0.0,0.0,242.0,51.0,53.0,51.0,19.0,19.0,19.0,0.0,1.0,0.0,1.0,3.0,0.0,9.0,9.0,8.0,19.0,19.0,19.0,19.0,19.0,19.0,1011.85,1011.18,-0.34,0.0,0.0,2025-10-12 21:00:00+00:00,2025-10-12 21:00:00,2025-10-12 22:59:43,1,202.0
I90583612,2025-10-12 22:00:00+00:00,1.0,31.976779,12.482434,-1.0,1760306383.0,0.0,0.0,320.0,57.0,67.0,53.0,18.0,19.0,18.0,1.0,1.0,0.0,2.0,4.0,0.0,10.0,12.0,9.0,18.0,19.0,18.0,18.0,19.0,18.0,1011.51,1010.84,0.0,0.0,0.0,2025-10-12 22:00:00+00:00,2025-10-12 22:00:00,2025-10-12 23:59:43,1,202.0
I90583612,2025-10-12 23:00:00+00:00,,31.976779,12.482434,,1760310000.0,,,,,,,,,,,,,,,,,,,,,,,,,,,,,,2025-10-12 23:00:00+00:00,2025-10-12 23:00:00,,0,202.0
I90583612,2025-10-13 00:00:00+00:00,,31.976779,12.482434,,1760313600.0,,,,,,,,,,,,,,,,,,,,,,,,,,,,,,2025-10-13 00:00:00+00:00,2025-10-13 00:00:00,,0,202.0
I90583612,2025-10-13 01:00:00+00:00,,31.976779,12.482434,,1760317200.0,,,,,,,,,,,,,,,,,,,,,,,,,,,,,,2025-10-13 01:00:00+00:00,2025-10-13 01:00:00,,0,202.0
I90583612,2025-10-13 02:00:00+00:00,,31.976779,12.482434,,1760320800.0,,,,,,,,,,,,,,,,,,,,,,,,,,,,,,2025-10-13 02:00:00+00:00,2025-10-13 02:00:00,,0,202.0
I90583612,2025-10-13 03:00:00+00:00,,31.976779,12.482434,,1760324400.0,,,,,,,,,,,,,,,,,,,,,,,,,,,,,,2025-10-13 03:00:00+00:00,2025-10-13 03:00:00,,0,202.0
I90583612,2025-10-13 04:00:00+00:00,,31.976779,12.482434,,1760328000.0,,,,,,,,,,,,,,,,,,,,,,,,,,,,,,2025-10-13 04:00:00+00:00,2025-10-13 04:00:00,,0,202.0
I90583612,2025-10-13 05:00:00+00:00,,31.976779,12.482434,,1760331600.0,,,,,,,,,,,,,,,,,,,,,,,,,,,,,,2025-10-13 05:00:00+00:00,2025-10-13 05:00:00,,0,202.0
I90583612,2025-10-13 06:00:00+00:00,,31.976779,12.482434,,1760335200.0,,,,,,,,,,,,,,,,,,,,,,,,,,,,,,2025-10-13 06:00:00+00:00,2025-10-13 06:00:00,,0,202.0
I90583612,2025-10-13 07:00:00+00:00,,31.976779,12.482434,,1760338800.0,,,,,,,,,,,,,,,,,,,,,,,,,,,,,,2025-10-13 07:00:00+00:00,2025-10-13 07:00:00,,0,202.0
I90583612,2025-10-13 08:00:00+00:00,,31.976779,12.482434,,1760342400.0,,,,,,,,,,,,,,,,,,,,,,,,,,,,,,2025-10-13 08:00:00+00:00,2025-10-13 08:00:00,,0,202.0
I90583612,2025-10-13 09:00:00+00:00,,31.976779,12.482434,,1760346000.0,,,,,,,,,,,,,,,,,,,,,,,,,,,,,,2025-10-13 09:00:00+00:00,2025-10-13 09:00:00,,0,202.0
I90583612,2025-10-13 10:00:00+00:00,,31.976779,12.482434,,1760349600.0,,,,,,,,,,,,,,,,,,,,,,,,,,,,,,2025-10-13 10:00:00+00:00,2025-10-13 10:00:00,,0,202.0
I90583612,2025-10-13 11:00:00+00:00,,31.976779,12.482434,,1760353200.0,,,,,,,,,,,,,,,,,,,,,,,,,,,,,,2025-10-13 11:00:00+00:00,2025-10-13 11:00:00,,0,202.0
I90583612,2025-10-13 12:00:00+00:00,,31.976779,12.482434,,1760356800.0,,,,,,,,,,,,,,,,,,,,,,,,,,,,,,2025-10-13 12:00:00+00:00,2025-10-13 12:00:00,,0,202.0
I90583612,2025-10-13 13:00:00+00:00,,31.976779,12.482434,,1760360400.0,,,,,,,,,,,,,,,,,,,,,,,,,,,,,,2025-10-13 13:00:00+00:00,2025-10-13 13:00:00,,0,202.0
I90583612,2025-10-13 14:00:00+00:00,,31.976779,12.482434,,1760364000.0,,,,,,,,,,,,,,,,,,,,,,,,,,,,,,2025-10-13 14:00:00+00:00,2025-10-13 14:00:00,,0,202.0
I90583612,2025-10-13 15:00:00+00:00,,31.976779,12.482434,,1760367600.0,,,,,,,,,,,,,,,,,,,,,,,,,,,,,,2025-10-13 15:00:00+00:00,2025-10-13 15:00:00,,0,202.0
I90583612,2025-10-13 16:00:00+00:00,,31.976779,12.482434,,1760371200.0,,,,,,,,,,,,,,,,,,,,,,,,,,,,,,2025-10-13 16:00:00+00:00,2025-10-13 16:00:00,,0,202.0
I90583612,2025-10-13 17:00:00+00:00,,31.976779,12.482434,,1760374800.0,,,,,,,,,,,,,,,,,,,,,,,,,,,,,,2025-10-13 17:00:00+00:00,2025-10-13 17:00:00,,0,202.0
I90583612,2025-10-13 18:00:00+00:00,,31.976779,12.482434,,1760378400.0,,,,,,,,,,,,,,,,,,,,,,,,,,,,,,2025-10-13 18:00:00+00:00,2025-10-13 18:00:00,,0,202.0
I90583612,2025-10-13 19:00:00+00:00,,31.976779,12.482434,,1760382000.0,,,,,,,,,,,,,,,,,,,,,,,,,,,,,,2025-10-13 19:00:00+00:00,2025-10-13 19:00:00,,0,202.0
I90583612,2025-10-13 20:00:00+00:00,,31.976779,12.482434,,1760385600.0,,,,,,,,,,,,,,,,,,,,,,,,,,,,,,2025-10-13 20:00:00+00:00,2025-10-13 20:00:00,,0,202.0
I90583612,2025-10-13 21:00:00+00:00,,31.976779,12.482434,,1760389200.0,,,,,,,,,,,,,,,,,,,,,,,,,,,,,,2025-10-13 21:00:00+00:00,2025-10-13 21:00:00,,0,202.0
I90583612,2025-10-13 22:00:00+00:00,,31.976779,12.482434,,1760392800.0,,,,,,,,,,,,,,,,,,,,,,,,,,,,,,2025-10-13 22:00:00+00:00,2025-10-13 22:00:00,,0,202.0
I90583612,2025-10-13 23:00:00+00:00,,31.976779,12.482434,,1760396400.0,,,,,,,,,,,,,,,,,,,,,,,,,,,,,,2025-10-13 23:00:00+00:00,2025-10-13 23:00:00,,0,202.0
I90583612,2025-10-14 00:00:00+00:00,,31.976779,12.482434,,1760400000.0,,,,,,,,,,,,,,,,,,,,,,,,,,,,,,2025-10-14 00:00:00+00:00,2025-10-14 00:00:00,,0,202.0
I90583612,2025-10-14 01:00:00+00:00,,31.976779,12.482434,,1760403600.0,,,,,,,,,,,,,,,,,,,,,,,,,,,,,,2025-10-14 01:00:00+00:00,2025-10-14 01:00:00,,0,202.0
I90583612,2025-10-14 02:00:00+00:00,,31.976779,12.482434,,1760407200.0,,,,,,,,,,,,,,,,,,,,,,,,,,,,,,2025-10-14 02:00:00+00:00,2025-10-14 02:00:00,,0,202.0
I90583612,2025-10-14 03:00:00+00:00,,31.976779,12.482434,,1760410800.0,,,,,,,,,,,,,,,,,,,,,,,,,,,,,,2025-10-14 03:00:00+00:00,2025-10-14 03:00:00,,0,202.0
I90583612,2025-10-14 04:00:00+00:00,,31.976779,12.482434,,1760414400.0,,,,,,,,,,,,,,,,,,,,,,,,,,,,,,2025-10-14 04:00:00+00:00,2025-10-14 04:00:00,,0,202.0
I90583612,2025-10-14 05:00:00+00:00,,31.976779,12.482434,,1760418000.0,,,,,,,,,,,,,,,,,,,,,,,,,,,,,,2025-10-14 05:00:00+00:00,2025-10-14 05:00:00,,0,202.0
I90583612,2025-10-14 06:00:00+00:00,,31.976779,12.482434,,1760421600.0,,,,,,,,,,,,,,,,,,,,,,,,,,,,,,2025-10-14 06:00:00+00:00,2025-10-14 06:00:00,,0,202.0
I90583612,2025-10-14 07:00:00+00:00,,31.976779,12.482434,,1760425200.0,,,,,,,,,,,,,,,,,,,,,,,,,,,,,,2025-10-14 07:00:00+00:00,2025-10-14 07:00:00,,0,202.0
I90583612,2025-10-14 08:00:00+00:00,,31.976779,12.482434,,1760428800.0,,,,,,,,,,,,,,,,,,,,,,,,,,,,,,2025-10-14 08:00:00+00:00,2025-10-14 08:00:00,,0,202.0
I90583612,2025-10-14 09:00:00+00:00,,31.976779,12.482434,,1760432400.0,,,,,,,,,,,,,,,,,,,,,,,,,,,,,,2025-10-14 09:00:00+00:00,2025-10-14 09:00:00,,0,202.0
I90583612,2025-10-14 10:00:00+00:00,,31.976779,12.482434,,1760436000.0,,,,,,,,,,,,,,,,,,,,,,,,,,,,,,2025-10-14 10:00:00+00:00,2025-10-14 10:00:00,,0,202.0
I90583612,2025-10-14 11:00:00+00:00,,31.976779,12.482434,,1760439600.0,,,,,,,,,,,,,,,,,,,,,,,,,,,,,,2025-10-14 11:00:00+00:00,2025-10-14 11:00:00,,0,202.0
I90583612,2025-10-14 12:00:00+00:00,,31.976779,12.482434,,1760443200.0,,,,,,,,,,,,,,,,,,,,,,,,,,,,,,2025-10-14 12:00:00+00:00,2025-10-14 12:00:00,,0,202.0
I90583612,2025-10-14 13:00:00+00:00,,31.976779,12.482434,,1760446800.0,,,,,,,,,,,,,,,,,,,,,,,,,,,,,,2025-10-14 13:00:00+00:00,2025-10-14 13:00:00,,0,202.0
I90583612,2025-10-14 14:00:00+00:00,,31.976779,12.482434,,1760450400.0,,,,,,,,,,,,,,,,,,,,,,,,,,,,,,2025-10-14 14:00:00+00:00,2025-10-14 14:00:00,,0,202.0
I90583612,2025-10-14 15:00:00+00:00,,31.976779,12.482434,,1760454000.0,,,,,,,,,,,,,,,,,,,,,,,,,,,,,,2025-10-14 15:00:00+00:00,2025-10-14 15:00:00,,0,202.0
I90583612,2025-10-14 16:00:00+00:00,,31.976779,12.482434,,1760457600.0,,,,,,,,,,,,,,,,,,,,,,,,,,,,,,2025-10-14 16:00:00+00:00,2025-10-14 16:00:00,,0,202.0
I90583612,2025-10-14 17:00:00+00:00,,31.976779,12.482434,,1760461200.0,,,,,,,,,,,,,,,,,,,,,,,,,,,,,,2025-10-14 17:00:00+00:00,2025-10-14 17:00:00,,0,202.0
I90583612,2025-10-14 18:00:00+00:00,,31.976779,12.482434,,1760464800.0,,,,,,,,,,,,,,,,,,,,,,,,,,,,,,2025-10-14 18:00:00+00:00,2025-10-14 18:00:00,,0,202.0
I90583612,2025-10-14 19:00:00+00:00,,31.976779,12.482434,,1760468400.0,,,,,,,,,,,,,,,,,,,,,,,,,,,,,,2025-10-14 19:00:00+00:00,2025-10-14 19:00:00,,0,202.0
I90583612,2025-10-14 20:00:00+00:00,,31.976779,12.482434,,1760472000.0,,,,,,,,,,,,,,,,,,,,,,,,,,,,,,2025-10-14 20:00:00+00:00,2025-10-14 20:00:00,,0,202.0
I90583612,2025-10-14 21:00:00+00:00,,31.976779,12.482434,,1760475600.0,,,,,,,,,,,,,,,,,,,,,,,,,,,,,,2025-10-14 21:00:00+00:00,2025-10-14 21:00:00,,0,202.0
I90583612,2025-10-14 22:00:00+00:00,,31.976779,12.482434,,1760479200.0,,,,,,,,,,,,,,,,,,,,,,,,,,,,,,2025-10-14 22:00:00+00:00,2025-10-14 22:00:00,,0,202.0
I90583612,2025-10-14 23:00:00+00:00,1.0,31.976779,12.482434,-1.0,1760482761.0,0.0,0.0,267.0,48.0,49.0,47.0,20.0,21.0,20.0,1.0,1.0,0.0,2.0,3.0,0.0,9.0,9.0,8.0,20.0,21.0,20.0,20.0,21.0,20.0,1008.81,1008.13,-0.34,0.0,0.0,2025-10-14 23:00:00+00:00,2025-10-14 23:00:00,2025-10-15 00:59:21,1,202.0
I90583612,2025-10-15 00:00:00+00:00,1.0,31.976779,12.482434,-1.0,1760486362.0,0.0,0.0,87.0,47.0,47.0,47.0,20.0,20.0,19.0,0.0,1.0,0.0,1.0,3.0,0.0,8.0,8.0,8.0,20.0,20.0,19.0,20.0,20.0,19.0,1008.47,1008.13,-0.34,0.0,0.0,2025-10-15 00:00:00+00:00,2025-10-15 00:00:00,2025-10-15 01:59:22,1,202.0
I90583612,2025-10-15 01:00:00+00:00,1.0,31.976779,12.482434,-1.0,1760489961.0,0.0,1.0,251.0,46.0,47.0,46.0,19.0,20.0,19.0,1.0,1.0,0.0,1.0,4.0,0.0,8.0,8.0,7.0,19.0,20.0,19.0,19.0,20.0,19.0,1008.13,1007.45,-0.34,0.0,0.0,2025-10-15 01:00:00+00:00,2025-10-15 01:00:00,2025-10-15 02:59:21,1,202.0
I90583612,2025-10-15 02:00:00+00:00,1.0,31.976779,12.482434,-1.0,1760493562.0,0.0,0.0,232.00000000000003,47.0,50.0,47.0,19.0,19.0,18.0,0.0,1.0,0.0,1.0,3.0,0.0,7.0,7.0,7.0,19.0,19.0,18.0,19.0,19.0,18.0,1007.79,1007.11,0.0,0.0,0.0,2025-10-15 02:00:00+00:00,2025-10-15 02:00:00,2025-10-15 03:59:22,1,202.0
I90583612,2025-10-15 03:00:00+00:00,1.0,31.976779,12.482434,-1.0,1760497161.0,0.0,0.0,229.0,49.0,50.0,47.0,18.0,19.0,18.0,0.0,2.0,0.0,1.0,3.0,0.0,7.0,8.0,7.0,18.0,19.0,18.0,18.0,19.0,18.0,1007.45,1007.11,-0.34,0.0,0.0,2025-10-15 03:00:00+00:00,2025-10-15 03:00:00,2025-10-15 04:59:21,1,202.0
I90583612,2025-10-15 04:00:00+00:00,1.0,31.976779,12.482434,-1.0,1760500762.0,0.0,0.0,153.0,53.0,55.0,50.0,18.0,18.0,18.0,0.0,1.0,0.0,1.0,4.0,0.0,8.0,9.0,8.0,18.0,18.0,18.0,18.0,18.0,18.0,1007.45,1006.77,0.0,0.0,0.0,2025-10-15 04:00:00+00:00,2025-10-15 04:00:00,2025-10-15 05:59:22,1,202.0
I90583612,2025-10-15 05:00:00+00:00,1.0,31.976779,12.482434,-1.0,1760504362.0,0.6,0.0,42.0,55.0,58.0,55.0,18.0,18.0,18.0,0.0,1.0,0.0,1.0,3.0,0.0,9.0,9.0,9.0,18.0,18.0,18.0,18.0,18.0,18.0,1007.45,1007.11,0.0,0.0,0.0,2025-10-15 05:00:00+00:00,2025-10-15 05:00:00,2025-10-15 06:59:22,1,202.0
I90583612,2025-10-15 06:00:00+00:00,1.0,31.976779,12.482434,-1.0,1760507962.0,52.12,1.0,359.0,57.0,59.0,55.0,17.0,18.0,17.0,1.0,1.0,0.0,2.0,4.0,0.0,9.0,9.0,9.0,17.0,18.0,17.0,17.0,18.0,17.0,1007.45,1007.11,0.0,0.0,0.0,2025-10-15 06:00:00+00:00,2025-10-15 06:00:00,2025-10-15 07:59:22,1,202.0
I90583612,2025-10-15 07:00:00+00:00,1.0,31.976779,12.482434,-1.0,1760511562.0,157.67,2.0,159.0,52.0,55.0,49.0,19.0,20.0,18.0,1.0,2.0,0.0,2.0,4.0,1.0,9.0,9.0,9.0,19.0,20.0,18.0,19.0,20.0,18.0,1008.13,1007.45,0.34,0.0,0.0,2025-10-15 07:00:00+00:00,2025-10-15 07:00:00,2025-10-15 08:59:22,1,202.0
I90583612,2025-10-15 08:00:00+00:00,1.0,31.976779,12.482434,-1.0,1760515162.0,279.01,2.0,139.0,47.0,49.0,45.0,21.0,22.0,20.0,1.0,2.0,0.0,2.0,5.0,0.0,9.0,10.0,9.0,21.0,22.0,20.0,21.0,21.0,20.0,1008.47,1007.79,0.34,0.0,0.0,2025-10-15 08:00:00+00:00,2025-10-15 08:00:00,2025-10-15 09:59:22,1,202.0
I90583612,2025-10-15 09:00:00+00:00,1.0,31.976779,12.482434,-1.0,1760518762.0,373.45,3.0,194.0,43.0,46.0,42.0,22.0,23.0,22.0,1.0,3.0,0.0,3.0,5.0,0.0,9.0,10.0,9.0,22.0,23.0,22.0,22.0,23.0,21.0,1008.81,1008.13,0.0,0.0,0.0,2025-10-15 09:00:00+00:00,2025-10-15 09:00:00,2025-10-15 10:59:22,1,202.0
I90583612,2025-10-15 10:00:00+00:00,1.0,31.976779,12.482434,-1.0,1760522362.0,449.44,3.0,45.0,42.0,44.0,40.0,23.0,24.0,23.0,0.0,3.0,0.0,2.0,4.0,0.0,10.0,10.0,9.0,23.0,24.0,23.0,23.0,24.0,22.0,1008.47,1008.13,-0.34,0.0,0.0,2025-10-15 10:00:00+00:00,2025-10-15 10:00:00,2025-10-15 11:59:22,1,202.0
I90583612,2025-10-15 11:00:00+00:00,1.0,31.976779,12.482434,-1.0,1760525962.0,462.45,4.0,163.0,38.0,40.0,36.0,25.0,26.0,24.0,0.0,1.0,0.0,1.0,4.0,0.0,10.0,10.0,9.0,25.0,26.0,24.0,24.0,26.0,24.0,1008.13,1007.45,-0.69,0.0,0.0,2025-10-15 11:00:00+00:00,2025-10-15 11:00:00,2025-10-15 12:59:22,1,202.0
I90583612,2025-10-15 12:00:00+00:00,1.0,31.976779,12.482434,-1.0,1760529562.0,456.57,4.0,188.0,34.0,36.0,33.0,27.0,27.0,26.0,0.0,1.0,0.0,1.0,4.0,0.0,10.0,10.0,9.0,27.0,27.0,26.0,26.0,27.0,25.0,1007.45,1006.1,-1.03,0.0,0.0,2025-10-15 12:00:00+00:00,2025-10-15 12:00:00,2025-10-15 13:59:22,1,202.0
I90583612,2025-10-15 13:00:00+00:00,1.0,31.976779,12.482434,-1.0,1760533162.0,412.88,3.0,317.0,31.0,33.0,30.0,28.0,29.0,27.0,1.0,3.0,0.0,2.0,5.0,0.0,10.0,10.0,9.0,28.0,29.0,27.0,27.0,28.0,27.0,1006.43,1005.42,-1.03,0.0,0.0,2025-10-15 13:00:00+00:00,2025-10-15 13:00:00,2025-10-15 14:59:22,1,202.0
I90583612,2025-10-15 14:00:00+00:00,1.0,31.976779,12.482434,-1.0,1760536769.0,343.72,3.0,211.0,29.0,31.0,28.0,29.0,30.0,29.0,1.0,3.0,0.0,2.0,7.0,0.0,9.0,10.0,9.0,29.0,30.0,29.0,28.0,28.0,28.0,1005.76,1004.74,-0.69,0.0,0.0,2025-10-15 14:00:00+00:00,2025-10-15 14:00:00,2025-10-15 15:59:29,1,202.0
I90583612,2025-10-15 15:00:00+00:00,1.0,31.976779,12.482434,-1.0,1760540302.0,231.37,2.0,139.0,28.0,29.0,28.0,29.0,29.0,29.0,1.0,3.0,1.0,2.0,5.0,1.0,9.0,9.0,9.0,29.0,29.0,29.0,28.0,28.0,28.0,1005.08,1004.74,0.0,0.0,0.0,2025-10-15 15:00:00+00:00,2025-10-15 15:00:00,2025-10-15 16:58:22,1,202.0
I90583612,2025-10-15 16:00:00+00:00,1.0,31.976779,12.482434,-1.0,1760543962.0,138.0,1.0,145.0,29.0,30.0,29.0,28.0,29.0,28.0,1.0,3.0,0.0,3.0,5.0,1.0,9.0,9.0,8.0,28.0,29.0,28.0,27.0,28.0,27.0,1005.42,1004.74,0.0,0.0,0.0,2025-10-15 16:00:00+00:00,2025-10-15 16:00:00,2025-10-15 17:59:22,1,202.0
I90583612,2025-10-15 17:00:00+00:00,1.0,31.976779,12.482434,-1.0,1760547562.0,43.08,0.0,195.0,30.0,31.0,30.0,27.0,28.0,26.0,1.0,2.0,0.0,2.0,4.0,1.0,8.0,9.0,8.0,27.0,28.0,26.0,27.0,27.0,26.0,1005.42,1004.74,0.34,0.0,0.0,2025-10-15 17:00:00+00:00,2025-10-15 17:00:00,2025-10-15 18:59:22,1,202.0
I90583612,2025-10-15 18:00:00+00:00,1.0,31.976779,12.482434,-1.0,1760550502.0,0.07,0.0,192.0,32.0,34.0,31.0,26.0,26.0,25.0,0.0,1.0,0.0,1.0,3.0,0.0,8.0,9.0,8.0,26.0,26.0,25.0,25.0,26.0,25.0,1005.42,1005.08,-0.42,0.0,0.0,2025-10-15 18:00:00+00:00,2025-10-15 18:00:00,2025-10-15 19:48:22,1,202.0
I90583612,2025-10-15 19:00:00+00:00,1.0,31.976779,12.482434,-1.0,1760554799.0,0.0,0.0,176.0,36.0,37.0,36.0,24.0,24.0,24.0,0.0,0.0,0.0,0.0,1.0,0.0,8.0,8.0,8.0,24.0,24.0,24.0,23.0,24.0,23.0,1005.76,1005.42,0.0,0.0,0.0,2025-10-15 19:00:00+00:00,2025-10-15 19:00:00,2025-10-15 20:59:59,1,202.0
I90583612,2025-10-15 20:00:00+00:00,1.0,31.976779,12.482434,-1.0,1760557027.0,0.0,0.0,169.0,37.0,38.0,37.0,24.0,24.0,23.0,0.0,1.0,0.0,1.0,3.0,0.0,8.0,8.0,8.0,24.0,24.0,23.0,23.0,23.0,23.0,1005.76,1005.42,0.0,0.0,0.0,2025-10-15 20:00:00+00:00,2025-10-15 20:00:00,2025-10-15 21:37:07,1,202.0
I90583612,2025-10-15 21:00:00+00:00,,31.976779,12.482434,,1760562000.0,,,,,,,,,,,,,,,,,,,,,,,,,,,,,,2025-10-15 21:00:00+00:00,2025-10-15 21:00:00,,0,202.0
I90583612,2025-10-15 22:00:00+00:00,,31.976779,12.482434,,1760565600.0,,,,,,,,,,,,,,,,,,,,,,,,,,,,,,2025-10-15 22:00:00+00:00,2025-10-15 22:00:00,,0,202.0
I90583612,2025-10-15 23:00:00+00:00,,31.976779,12.482434,,1760569200.0,,,,,,,,,,,,,,,,,,,,,,,,,,,,,,2025-10-15 23:00:00+00:00,2025-10-15 23:00:00,,0,202.0
I90583612,2025-10-16 00:00:00+00:00,,31.976779,12.482434,,1760572800.0,,,,,,,,,,,,,,,,,,,,,,,,,,,,,,2025-10-16 00:00:00+00:00,2025-10-16 00:00:00,,0,202.0
I90583612,2025-10-16 01:00:00+00:00,,31.976779,12.482434,,1760576400.0,,,,,,,,,,,,,,,,,,,,,,,,,,,,,,2025-10-16 01:00:00+00:00,2025-10-16 01:00:00,,0,202.0
I90583612,2025-10-16 02:00:00+00:00,,31.976779,12.482434,,1760580000.0,,,,,,,,,,,,,,,,,,,,,,,,,,,,,,2025-10-16 02:00:00+00:00,2025-10-16 02:00:00,,0,202.0
I90583612,2025-10-16 03:00:00+00:00,,31.976779,12.482434,,1760583600.0,,,,,,,,,,,,,,,,,,,,,,,,,,,,,,2025-10-16 03:00:00+00:00,2025-10-16 03:00:00,,0,202.0
I90583612,2025-10-16 04:00:00+00:00,,31.976779,12.482434,,1760587200.0,,,,,,,,,,,,,,,,,,,,,,,,,,,,,,2025-10-16 04:00:00+00:00,2025-10-16 04:00:00,,0,202.0
I90583612,2025-10-16 05:00:00+00:00,,31.976779,12.482434,,1760590800.0,,,,,,,,,,,,,,,,,,,,,,,,,,,,,,2025-10-16 05:00:00+00:00,2025-10-16 05:00:00,,0,202.0
I90583612,2025-10-16 06:00:00+00:00,1.0,31.976779,12.482434,-1.0,1760594356.0,49.99,1.0,151.0,52.0,52.0,52.0,17.0,17.0,17.0,0.0,1.0,0.0,0.0,1.0,0.0,7.0,7.0,7.0,17.0,17.0,17.0,17.0,17.0,17.0,1004.06,1003.73,0.75,0.0,0.0,2025-10-16 06:00:00+00:00,2025-10-16 06:00:00,2025-10-16 07:59:16,1,202.0
I90583612,2025-10-16 07:00:00+00:00,1.0,31.976779,12.482434,-1.0,1760597956.0,146.97,1.0,121.0,49.0,52.0,47.0,18.0,19.0,17.0,0.0,1.0,0.0,1.0,3.0,0.0,7.0,8.0,7.0,18.0,19.0,17.0,18.0,19.0,17.0,1004.74,1004.06,0.34,0.0,0.0,2025-10-16 07:00:00+00:00,2025-10-16 07:00:00,2025-10-16 08:59:16,1,202.0
I90583612,2025-10-16 08:00:00+00:00,1.0,31.976779,12.482434,-1.0,1760601556.0,263.52,2.0,259.0,42.0,46.0,38.0,21.0,22.0,19.0,0.0,1.0,0.0,1.0,3.0,0.0,7.0,8.0,7.0,21.0,22.0,19.0,20.0,22.0,19.0,1005.08,1004.4,0.0,0.0,0.0,2025-10-16 08:00:00+00:00,2025-10-16 08:00:00,2025-10-16 09:59:16,1,202.0
I90583612,2025-10-16 09:00:00+00:00,1.0,31.976779,12.482434,-1.0,1760605156.0,366.85,3.0,239.0,35.0,38.0,32.0,24.0,26.0,22.0,0.0,1.0,0.0,1.0,3.0,0.0,8.0,8.0,7.0,24.0,26.0,22.0,23.0,25.0,22.0,1005.08,1004.74,0.0,0.0,0.0,2025-10-16 09:00:00+00:00,2025-10-16 09:00:00,2025-10-16 10:59:16,1,202.0
I90583612,2025-10-16 10:00:00+00:00,1.0,31.976779,12.482434,-1.0,1760608756.0,445.94,3.0,219.00000000000003,29.0,32.0,28.0,27.0,28.0,26.0,0.0,2.0,0.0,1.0,4.0,0.0,8.0,8.0,8.0,27.0,28.0,26.0,26.0,27.0,25.0,1005.08,1004.74,-0.34,0.0,0.0,2025-10-16 10:00:00+00:00,2025-10-16 10:00:00,2025-10-16 11:59:16,1,202.0
I90583612,2025-10-16 11:00:00+00:00,1.0,31.976779,12.482434,-1.0,1760612356.0,467.13,4.0,74.0,27.0,28.0,26.0,29.0,30.0,28.0,1.0,3.0,0.0,3.0,7.0,0.0,8.0,9.0,8.0,29.0,30.0,28.0,28.0,28.0,27.0,1004.74,1004.06,-0.69,0.0,0.0,2025-10-16 11:00:00+00:00,2025-10-16 11:00:00,2025-10-16 12:59:16,1,202.0
I90583612,2025-10-16 12:00:00+00:00,1.0,31.976779,12.482434,-1.0,1760615956.0,494.81,4.0,136.0,25.0,26.0,25.0,30.0,31.0,30.0,2.0,3.0,0.0,4.0,9.0,1.0,9.0,9.0,8.0,30.0,31.0,30.0,29.0,29.0,28.0,1004.4,1003.39,-0.69,0.0,0.0,2025-10-16 12:00:00+00:00,2025-10-16 12:00:00,2025-10-16 13:59:16,1,202.0
I90583612,2025-10-16 13:00:00+00:00,1.0,31.976779,12.482434,-1.0,1760619556.0,427.78,3.0,238.0,26.0,29.0,25.0,30.0,31.0,29.0,1.0,3.0,0.0,3.0,6.0,1.0,9.0,9.0,8.0,30.0,31.0,29.0,29.0,29.0,28.0,1003.73,1003.05,-0.34,0.0,0.0,2025-10-16 13:00:00+00:00,2025-10-16 13:00:00,2025-10-16 14:59:16,1,202.0
I90583612,2025-10-16 14:00:00+00:00,1.0,31.976779,12.482434,-1.0,1760623156.0,323.35,3.0,179.0,29.0,31.0,29.0,29.0,30.0,29.0,1.0,3.0,0.0,3.0,5.0,1.0,10.0,10.0,9.0,29.0,30.0,29.0,28.0,28.0,28.0,1003.73,1003.05,0.0,0.0,0.0,2025-10-16 14:00:00+00:00,2025-10-16 14:00:00,2025-10-16 15:59:16,1,202.0
I90583612,2025-10-16 15:00:00+00:00,1.0,31.976779,12.482434,-1.0,1760626764.0,217.35,2.0,145.0,30.0,31.0,29.0,29.0,29.0,29.0,1.0,3.0,0.0,2.0,5.0,0.0,10.0,10.0,9.0,29.0,29.0,29.0,28.0,28.0,28.0,1003.39,1003.05,0.0,0.0,0.0,2025-10-16 15:00:00+00:00,2025-10-16 15:00:00,2025-10-16 16:59:24,1,202.0
I90583612,2025-10-16 16:00:00+00:00,1.0,31.976779,12.482434,-1.0,1760630364.0,84.96,1.0,72.0,37.0,47.0,31.0,27.0,29.0,26.0,1.0,3.0,0.0,2.0,5.0,1.0,11.0,14.0,10.0,27.0,29.0,26.0,27.0,28.0,26.0,1003.73,1003.05,0.69,0.0,0.0,2025-10-16 16:00:00+00:00,2025-10-16 16:00:00,2025-10-16 17:59:24,1,202.0
I90583612,2025-10-16 17:00:00+00:00,2.0,31.976779,12.482434,-1.0,1760633964.0,18.015,1.0,32.5,67.5,73.5,60.0,23.0,24.0,22.0,1.0,1.5,0.0,2.0,4.5,0.5,16.5,17.0,15.5,23.0,24.0,22.0,23.0,24.0,22.0,1004.74,1003.39,2.21,0.0,0.0,2025-10-16 17:00:00+00:00,2025-10-16 17:00:00,2025-10-16 18:59:24,1,202.0
I90583612,2025-10-16 18:00:00+00:00,,31.976779,12.482434,,1760637600.0,,,,,,,,,,,,,,,,,,,,,,,,,,,,,,2025-10-16 18:00:00+00:00,2025-10-16 18:00:00,,0,202.0
I90583612,2025-10-16 19:00:00+00:00,,31.976779,12.482434,,1760641200.0,,,,,,,,,,,,,,,,,,,,,,,,,,,,,,2025-10-16 19:00:00+00:00,2025-10-16 19:00:00,,0,202.0
I90583612,2025-10-16 20:00:00+00:00,,31.976779,12.482434,,1760644800.0,,,,,,,,,,,,,,,,,,,,,,,,,,,,,,2025-10-16 20:00:00+00:00,2025-10-16 20:00:00,,0,202.0
I90583612,2025-10-16 21:00:00+00:00,,31.976779,12.482434,,1760648400.0,,,,,,,,,,,,,,,,,,,,,,,,,,,,,,2025-10-16 21:00:00+00:00,2025-10-16 21:00:00,,0,202.0
I90583612,2025-10-16 22:00:00+00:00,,31.976779,12.482434,,1760652000.0,,,,,,,,,,,,,,,,,,,,,,,,,,,,,,2025-10-16 22:00:00+00:00,2025-10-16 22:00:00,,0,202.0
I90583612,2025-10-16 23:00:00+00:00,,31.976779,12.482434,,1760655600.0,,,,,,,,,,,,,,,,,,,,,,,,,,,,,,2025-10-16 23:00:00+00:00,2025-10-16 23:00:00,,0,202.0
I90583612,2025-10-17 00:00:00+00:00,,31.976779,12.482434,,1760659200.0,,,,,,,,,,,,,,,,,,,,,,,,,,,,,,2025-10-17 00:00:00+00:00,2025-10-17 00:00:00,,0,202.0
I90583612,2025-10-17 01:00:00+00:00,,31.976779,12.482434,,1760662800.0,,,,,,,,,,,,,,,,,,,,,,,,,,,,,,2025-10-17 01:00:00+00:00,2025-10-17 01:00:00,,0,202.0
I90583612,2025-10-17 02:00:00+00:00,,31.976779,12.482434,,1760666400.0,,,,,,,,,,,,,,,,,,,,,,,,,,,,,,2025-10-17 02:00:00+00:00,2025-10-17 02:00:00,,0,202.0
I90583612,2025-10-17 03:00:00+00:00,,31.976779,12.482434,,1760670000.0,,,,,,,,,,,,,,,,,,,,,,,,,,,,,,2025-10-17 03:00:00+00:00,2025-10-17 03:00:00,,0,202.0
I90583612,2025-10-17 04:00:00+00:00,,31.976779,12.482434,,1760673600.0,,,,,,,,,,,,,,,,,,,,,,,,,,,,,,2025-10-17 04:00:00+00:00,2025-10-17 04:00:00,,0,202.0
I90583612,2025-10-17 05:00:00+00:00,,31.976779,12.482434,,1760677200.0,,,,,,,,,,,,,,,,,,,,,,,,,,,,,,2025-10-17 05:00:00+00:00,2025-10-17 05:00:00,,0,202.0
I90583612,2025-10-17 06:00:00+00:00,,31.976779,12.482434,,1760680800.0,,,,,,,,,,,,,,,,,,,,,,,,,,,,,,2025-10-17 06:00:00+00:00,2025-10-17 06:00:00,,0,202.0
I90583612,2025-10-17 07:00:00+00:00,,31.976779,12.482434,,1760684400.0,,,,,,,,,,,,,,,,,,,,,,,,,,,,,,2025-10-17 07:00:00+00:00,2025-10-17 07:00:00,,0,202.0
I90583612,2025-10-17 08:00:00+00:00,,31.976779,12.482434,,1760688000.0,,,,,,,,,,,,,,,,,,,,,,,,,,,,,,2025-10-17 08:00:00+00:00,2025-10-17 08:00:00,,0,202.0
I90583612,2025-10-17 09:00:00+00:00,,31.976779,12.482434,,1760691600.0,,,,,,,,,,,,,,,,,,,,,,,,,,,,,,2025-10-17 09:00:00+00:00,2025-10-17 09:00:00,,0,202.0
I90583612,2025-10-17 10:00:00+00:00,,31.976779,12.482434,,1760695200.0,,,,,,,,,,,,,,,,,,,,,,,,,,,,,,2025-10-17 10:00:00+00:00,2025-10-17 10:00:00,,0,202.0
I90583612,2025-10-17 11:00:00+00:00,,31.976779,12.482434,,1760698800.0,,,,,,,,,,,,,,,,,,,,,,,,,,,,,,2025-10-17 11:00:00+00:00,2025-10-17 11:00:00,,0,202.0
I90583612,2025-10-17 12:00:00+00:00,,31.976779,12.482434,,1760702400.0,,,,,,,,,,,,,,,,,,,,,,,,,,,,,,2025-10-17 12:00:00+00:00,2025-10-17 12:00:00,,0,202.0
I90583612,2025-10-17 13:00:00+00:00,,31.976779,12.482434,,1760706000.0,,,,,,,,,,,,,,,,,,,,,,,,,,,,,,2025-10-17 13:00:00+00:00,2025-10-17 13:00:00,,0,202.0
I90583612,2025-10-17 14:00:00+00:00,,31.976779,12.482434,,1760709600.0,,,,,,,,,,,,,,,,,,,,,,,,,,,,,,2025-10-17 14:00:00+00:00,2025-10-17 14:00:00,,0,202.0
I90583612,2025-10-17 15:00:00+00:00,,31.976779,12.482434,,1760713200.0,,,,,,,,,,,,,,,,,,,,,,,,,,,,,,2025-10-17 15:00:00+00:00,2025-10-17 15:00:00,,0,202.0
I90583612,2025-10-17 16:00:00+00:00,,31.976779,12.482434,,1760716800.0,,,,,,,,,,,,,,,,,,,,,,,,,,,,,,2025-10-17 16:00:00+00:00,2025-10-17 16:00:00,,0,202.0
I90583612,2025-10-17 17:00:00+00:00,,31.976779,12.482434,,1760720400.0,,,,,,,,,,,,,,,,,,,,,,,,,,,,,,2025-10-17 17:00:00+00:00,2025-10-17 17:00:00,,0,202.0
I90583612,2025-10-17 18:00:00+00:00,,31.976779,12.482434,,1760724000.0,,,,,,,,,,,,,,,,,,,,,,,,,,,,,,2025-10-17 18:00:00+00:00,2025-10-17 18:00:00,,0,202.0
I90583612,2025-10-17 19:00:00+00:00,,31.976779,12.482434,,1760727600.0,,,,,,,,,,,,,,,,,,,,,,,,,,,,,,2025-10-17 19:00:00+00:00,2025-10-17 19:00:00,,0,202.0
I90583612,2025-10-17 20:00:00+00:00,,31.976779,12.482434,,1760731200.0,,,,,,,,,,,,,,,,,,,,,,,,,,,,,,2025-10-17 20:00:00+00:00,2025-10-17 20:00:00,,0,202.0
I90583612,2025-10-17 21:00:00+00:00,,31.976779,12.482434,,1760734800.0,,,,,,,,,,,,,,,,,,,,,,,,,,,,,,2025-10-17 21:00:00+00:00,2025-10-17 21:00:00,,0,202.0
I90583612,2025-10-17 22:00:00+00:00,,31.976779,12.482434,,1760738400.0,,,,,,,,,,,,,,,,,,,,,,,,,,,,,,2025-10-17 22:00:00+00:00,2025-10-17 22:00:00,,0,202.0
I90583612,2025-10-17 23:00:00+00:00,,31.976779,12.482434,,1760742000.0,,,,,,,,,,,,,,,,,,,,,,,,,,,,,,2025-10-17 23:00:00+00:00,2025-10-17 23:00:00,,0,202.0
I90583612,2025-10-18 00:00:00+00:00,,31.976779,12.482434,,1760745600.0,,,,,,,,,,,,,,,,,,,,,,,,,,,,,,2025-10-18 00:00:00+00:00,2025-10-18 00:00:00,,0,202.0
I90583612,2025-10-18 01:00:00+00:00,,31.976779,12.482434,,1760749200.0,,,,,,,,,,,,,,,,,,,,,,,,,,,,,,2025-10-18 01:00:00+00:00,2025-10-18 01:00:00,,0,202.0
I90583612,2025-10-18 02:00:00+00:00,,31.976779,12.482434,,1760752800.0,,,,,,,,,,,,,,,,,,,,,,,,,,,,,,2025-10-18 02:00:00+00:00,2025-10-18 02:00:00,,0,202.0
I90583612,2025-10-18 03:00:00+00:00,,31.976779,12.482434,,1760756400.0,,,,,,,,,,,,,,,,,,,,,,,,,,,,,,2025-10-18 03:00:00+00:00,2025-10-18 03:00:00,,0,202.0
I90583612,2025-10-18 04:00:00+00:00,,31.976779,12.482434,,1760760000.0,,,,,,,,,,,,,,,,,,,,,,,,,,,,,,2025-10-18 04:00:00+00:00,2025-10-18 04:00:00,,0,202.0
I90583612,2025-10-18 05:00:00+00:00,,31.976779,12.482434,,1760763600.0,,,,,,,,,,,,,,,,,,,,,,,,,,,,,,2025-10-18 05:00:00+00:00,2025-10-18 05:00:00,,0,202.0
I90583612,2025-10-18 06:00:00+00:00,,31.976779,12.482434,,1760767200.0,,,,,,,,,,,,,,,,,,,,,,,,,,,,,,2025-10-18 06:00:00+00:00,2025-10-18 06:00:00,,0,202.0
I90583612,2025-10-18 07:00:00+00:00,,31.976779,12.482434,,1760770800.0,,,,,,,,,,,,,,,,,,,,,,,,,,,,,,2025-10-18 07:00:00+00:00,2025-10-18 07:00:00,,0,202.0
I90583612,2025-10-18 08:00:00+00:00,,31.976779,12.482434,,1760774400.0,,,,,,,,,,,,,,,,,,,,,,,,,,,,,,2025-10-18 08:00:00+00:00,2025-10-18 08:00:00,,0,202.0
I90583612,2025-10-18 09:00:00+00:00,,31.976779,12.482434,,1760778000.0,,,,,,,,,,,,,,,,,,,,,,,,,,,,,,2025-10-18 09:00:00+00:00,2025-10-18 09:00:00,,0,202.0
I90583612,2025-10-18 10:00:00+00:00,,31.976779,12.482434,,1760781600.0,,,,,,,,,,,,,,,,,,,,,,,,,,,,,,2025-10-18 10:00:00+00:00,2025-10-18 10:00:00,,0,202.0
I90583612,2025-10-18 11:00:00+00:00,,31.976779,12.482434,,1760785200.0,,,,,,,,,,,,,,,,,,,,,,,,,,,,,,2025-10-18 11:00:00+00:00,2025-10-18 11:00:00,,0,202.0
I90583612,2025-10-18 12:00:00+00:00,,31.976779,12.482434,,1760788800.0,,,,,,,,,,,,,,,,,,,,,,,,,,,,,,2025-10-18 12:00:00+00:00,2025-10-18 12:00:00,,0,202.0
I90583612,2025-10-18 13:00:00+00:00,,31.976779,12.482434,,1760792400.0,,,,,,,,,,,,,,,,,,,,,,,,,,,,,,2025-10-18 13:00:00+00:00,2025-10-18 13:00:00,,0,202.0
I90583612,2025-10-18 14:00:00+00:00,,31.976779,12.482434,,1760796000.0,,,,,,,,,,,,,,,,,,,,,,,,,,,,,,2025-10-18 14:00:00+00:00,2025-10-18 14:00:00,,0,202.0
I90583612,2025-10-18 15:00:00+00:00,,31.976779,12.482434,,1760799600.0,,,,,,,,,,,,,,,,,,,,,,,,,,,,,,2025-10-18 15:00:00+00:00,2025-10-18 15:00:00,,0,202.0
I90583612,2025-10-18 16:00:00+00:00,,31.976779,12.482434,,1760803200.0,,,,,,,,,,,,,,,,,,,,,,,,,,,,,,2025-10-18 16:00:00+00:00,2025-10-18 16:00:00,,0,202.0
I90583612,2025-10-18 17:00:00+00:00,,31.976779,12.482434,,1760806800.0,,,,,,,,,,,,,,,,,,,,,,,,,,,,,,2025-10-18 17:00:00+00:00,2025-10-18 17:00:00,,0,202.0
I90583612,2025-10-18 18:00:00+00:00,,31.976779,12.482434,,1760810400.0,,,,,,,,,,,,,,,,,,,,,,,,,,,,,,2025-10-18 18:00:00+00:00,2025-10-18 18:00:00,,0,202.0
I90583612,2025-10-18 19:00:00+00:00,,31.976779,12.482434,,1760814000.0,,,,,,,,,,,,,,,,,,,,,,,,,,,,,,2025-10-18 19:00:00+00:00,2025-10-18 19:00:00,,0,202.0
I90583612,2025-10-18 20:00:00+00:00,,31.976779,12.482434,,1760817600.0,,,,,,,,,,,,,,,,,,,,,,,,,,,,,,2025-10-18 20:00:00+00:00,2025-10-18 20:00:00,,0,202.0
I90583612,2025-10-18 21:00:00+00:00,,31.976779,12.482434,,1760821200.0,,,,,,,,,,,,,,,,,,,,,,,,,,,,,,2025-10-18 21:00:00+00:00,2025-10-18 21:00:00,,0,202.0
I90583612,2025-10-18 22:00:00+00:00,,31.976779,12.482434,,1760824800.0,,,,,,,,,,,,,,,,,,,,,,,,,,,,,,2025-10-18 22:00:00+00:00,2025-10-18 22:00:00,,0,202.0
I90583612,2025-10-18 23:00:00+00:00,1.0,31.976779,12.482434,-1.0,1760828385.0,0.0,0.0,321.0,53.0,55.0,53.0,21.0,21.0,21.0,0.0,1.0,0.0,0.0,1.0,0.0,12.0,12.0,11.0,21.0,21.0,21.0,21.0,21.0,21.0,1015.92,1015.58,0.34,0.0,0.0,2025-10-18 23:00:00+00:00,2025-10-18 23:00:00,2025-10-19 00:59:45,1,202.0
I90583612,2025-10-19 00:00:00+00:00,1.0,31.976779,12.482434,-1.0,1760831985.0,0.0,0.0,180.0,55.0,56.0,54.0,21.0,21.0,21.0,0.0,0.0,0.0,0.0,1.0,0.0,12.0,12.0,11.0,21.0,21.0,21.0,21.0,21.0,21.0,1015.92,1015.58,-0.34,0.0,0.0,2025-10-19 00:00:00+00:00,2025-10-19 00:00:00,2025-10-19 01:59:45,1,202.0
I90583612,2025-10-19 01:00:00+00:00,1.0,31.976779,12.482434,-1.0,1760835585.0,0.0,0.0,270.0,55.0,56.0,55.0,21.0,21.0,21.0,0.0,0.0,0.0,0.0,1.0,0.0,12.0,12.0,11.0,21.0,21.0,21.0,21.0,21.0,21.0,1015.58,1015.24,-0.34,0.0,0.0,2025-10-19 01:00:00+00:00,2025-10-19 01:00:00,2025-10-19 02:59:45,1,202.0
I90583612,2025-10-19 02:00:00+00:00,1.0,31.976779,12.482434,-1.0,1760837686.0,0.0,0.0,158.0,55.0,56.0,55.0,21.0,21.0,21.0,0.0,0.0,0.0,0.0,1.0,0.0,11.0,12.0,11.0,21.0,21.0,21.0,21.0,21.0,21.0,1015.24,1014.9,0.0,0.0,0.0,2025-10-19 02:00:00+00:00,2025-10-19 02:00:00,2025-10-19 03:34:46,1,202.0
I90583612,2025-10-19 03:00:00+00:00,,31.976779,12.482434,,1760842800.0,,,,,,,,,,,,,,,,,,,,,,,,,,,,,,2025-10-19 03:00:00+00:00,2025-10-19 03:00:00,,0,202.0
I90583612,2025-10-19 04:00:00+00:00,,31.976779,12.482434,,1760846400.0,,,,,,,,,,,,,,,,,,,,,,,,,,,,,,2025-10-19 04:00:00+00:00,2025-10-19 04:00:00,,0,202.0
I90583612,2025-10-19 05:00:00+00:00,,31.976779,12.482434,,1760850000.0,,,,,,,,,,,,,,,,,,,,,,,,,,,,,,2025-10-19 05:00:00+00:00,2025-10-19 05:00:00,,0,202.0
I90583612,2025-10-19 06:00:00+00:00,1.0,31.976779,12.482434,-1.0,1760853586.0,36.68,1.0,32.0,80.0,81.0,80.0,18.0,18.0,18.0,0.0,1.0,0.0,1.0,3.0,0.0,15.0,15.0,15.0,18.0,18.0,18.0,18.0,18.0,18.0,1015.24,1014.56,0.38,0.0,0.0,2025-10-19 06:00:00+00:00,2025-10-19 06:00:00,2025-10-19 07:59:46,1,202.0
I90583612,2025-10-19 07:00:00+00:00,1.0,31.976779,12.482434,-1.0,1760857186.0,170.28,1.0,46.0,79.0,81.0,77.0,19.0,19.0,18.0,0.0,1.0,0.0,1.0,3.0,0.0,15.0,15.0,15.0,19.0,19.0,18.0,19.0,19.0,18.0,1015.58,1014.9,0.34,0.0,0.0,2025-10-19 07:00:00+00:00,2025-10-19 07:00:00,2025-10-19 08:59:46,1,202.0
I90583612,2025-10-19 08:00:00+00:00,1.0,31.976779,12.482434,-1.0,1760860786.0,317.42,3.0,45.0,77.0,78.0,76.0,20.0,20.0,19.0,0.0,1.0,0.0,1.0,3.0,0.0,15.0,16.0,15.0,20.0,20.0,19.0,20.0,20.0,19.0,1015.92,1015.24,0.34,0.0,0.0,2025-10-19 08:00:00+00:00,2025-10-19 08:00:00,2025-10-19 09:59:46,1,202.0
I90583612,2025-10-19 09:00:00+00:00,1.0,31.976779,12.482434,-1.0,1760864386.0,323.8,3.0,292.0,75.0,77.0,75.0,20.0,20.0,20.0,0.0,1.0,0.0,1.0,3.0,0.0,15.0,16.0,15.0,20.0,20.0,20.0,20.0,20.0,20.0,1016.26,1015.58,0.34,0.0,0.0,2025-10-19 09:00:00+00:00,2025-10-19 09:00:00,2025-10-19 10:59:46,1,202.0
I90583612,2025-10-19 10:00:00+00:00,1.0,31.976779,12.482434,-1.0,1760867986.0,264.1,2.0,191.0,75.0,77.0,75.0,20.0,20.0,20.0,0.0,1.0,0.0,1.0,3.0,0.0,16.0,16.0,15.0,20.0,20.0,20.0,20.0,20.0,20.0,1016.26,1015.92,-0.34,0.0,0.0,2025-10-19 10:00:00+00:00,2025-10-19 10:00:00,2025-10-19 11:59:46,1,202.0
I90583612,2025-10-19 11:00:00+00:00,1.0,31.976779,12.482434,-1.0,1760871544.0,429.93,3.0,33.0,74.0,75.0,73.0,20.0,21.0,20.0,9.0,15.0,0.0,11.0,20.0,0.0,16.0,16.0,15.0,20.0,21.0,20.0,20.0,21.0,20.0,1016.26,1015.92,-0.35,0.0,0.0,2025-10-19 11:00:00+00:00,2025-10-19 11:00:00,2025-10-19 12:59:04,1,202.0
I90583612,2025-10-19 12:00:00+00:00,1.0,31.976779,12.482434,-1.0,1760875166.0,365.7,3.0,23.0,74.0,76.0,72.0,20.0,21.0,20.0,11.0,18.0,5.0,14.0,24.0,7.0,16.0,16.0,15.0,20.0,21.0,20.0,20.0,21.0,20.0,1015.92,1014.9,-1.03,0.0,0.0,2025-10-19 12:00:00+00:00,2025-10-19 12:00:00,2025-10-19 13:59:26,1,202.0
I90583612,2025-10-19 13:00:00+00:00,1.0,31.976779,12.482434,-1.0,1760878766.0,203.47,2.0,14.0,76.0,79.0,73.0,20.0,21.0,20.0,7.0,13.0,1.0,8.0,15.0,3.0,16.0,16.0,15.0,20.0,21.0,20.0,20.0,21.0,20.0,1015.24,1014.22,-0.69,0.0,0.0,2025-10-19 13:00:00+00:00,2025-10-19 13:00:00,2025-10-19 14:59:26,1,202.0
I90583612,2025-10-19 14:00:00+00:00,1.0,31.976779,12.482434,-1.0,1760882366.0,230.99,2.0,132.0,73.0,79.0,67.0,20.0,21.0,20.0,3.0,9.0,0.0,4.0,9.0,0.0,16.0,17.0,14.0,20.0,21.0,20.0,20.0,21.0,20.0,1014.56,1013.88,0.0,0.25,0.25,2025-10-19 14:00:00+00:00,2025-10-19 14:00:00,2025-10-19 15:59:26,1,202.0
I90583612,2025-10-19 15:00:00+00:00,1.0,31.976779,12.482434,-1.0,1760885973.0,254.29,2.0,206.0,65.0,69.0,60.0,21.0,22.0,21.0,7.0,14.0,1.0,9.0,15.0,1.0,14.0,15.0,13.0,21.0,22.0,21.0,21.0,22.0,21.0,1014.22,1013.21,-0.69,0.0,0.25,2025-10-19 15:00:00+00:00,2025-10-19 15:00:00,2025-10-19 16:59:33,1,202.0
I90583612,2025-10-19 16:00:00+00:00,1.0,31.976779,12.482434,-1.0,1760889213.0,116.64,1.0,220.0,60.0,63.0,58.0,22.0,22.0,21.0,7.0,13.0,2.0,9.0,15.0,3.0,14.0,15.0,13.0,22.0,22.0,21.0,22.0,22.0,21.0,1013.55,1012.87,-0.38,0.0,0.25,2025-10-19 16:00:00+00:00,2025-10-19 16:00:00,2025-10-19 17:53:33,1,202.0
I90583612,2025-10-19 17:00:00+00:00,,31.976779,12.482434,,1760893200.0,,,,,,,,,,,,,,,,,,,,,,,,,,,,,,2025-10-19 17:00:00+00:00,2025-10-19 17:00:00,,0,202.0
I90583612,2025-10-19 18:00:00+00:00,,31.976779,12.482434,,1760896800.0,,,,,,,,,,,,,,,,,,,,,,,,,,,,,,2025-10-19 18:00:00+00:00,2025-10-19 18:00:00,,0,202.0
I90583612,2025-10-19 19:00:00+00:00,1.0,31.976779,12.482434,-1.0,1760900379.0,0.0,0.0,86.0,79.0,80.0,79.0,18.0,18.0,18.0,4.0,8.0,1.0,5.0,8.0,3.0,15.0,15.0,14.0,18.0,18.0,18.0,18.0,18.0,18.0,1014.56,1014.22,-1.45,0.0,0.25,2025-10-19 19:00:00+00:00,2025-10-19 19:00:00,2025-10-19 20:59:39,1,202.0
I90583612,2025-10-19 20:00:00+00:00,1.0,31.976779,12.482434,-1.0,1760903980.0,0.0,0.0,34.0,79.0,80.0,79.0,18.0,18.0,18.0,3.0,5.0,0.0,4.0,6.0,0.0,15.0,15.0,14.0,18.0,18.0,18.0,18.0,18.0,18.0,1014.9,1014.56,0.0,0.0,0.25,2025-10-19 20:00:00+00:00,2025-10-19 20:00:00,2025-10-19 21:59:40,1,202.0
I90583612,2025-10-19 21:00:00+00:00,1.0,31.976779,12.482434,-1.0,1760907580.0,0.0,0.0,41.0,79.0,80.0,76.0,18.0,18.0,17.0,4.0,16.0,0.0,6.0,24.0,0.0,14.0,15.0,13.0,18.0,18.0,17.0,18.0,18.0,17.0,1014.9,1014.22,0.0,0.0,0.25,2025-10-19 21:00:00+00:00,2025-10-19 21:00:00,2025-10-19 22:59:40,1,202.0
I90583612,2025-10-19 22:00:00+00:00,1.0,31.976779,12.482434,-1.0,1760911180.0,0.0,0.0,39.0,77.0,79.0,76.0,17.0,17.0,17.0,4.0,9.0,0.0,6.0,12.0,0.0,13.0,13.0,13.0,17.0,17.0,17.0,17.0,17.0,17.0,1014.56,1013.88,-0.69,0.0,0.0,2025-10-19 22:00:00+00:00,2025-10-19 22:00:00,2025-10-19 23:59:40,1,202.0
I90583612,2025-10-19 23:00:00+00:00,1.0,31.976779,12.482434,-1.0,1760914780.0,0.0,0.0,182.0,80.0,81.0,79.0,17.0,17.0,17.0,2.0,5.0,0.0,3.0,6.0,0.0,13.0,13.0,13.0,17.0,17.0,17.0,17.0,17.0,17.0,1014.22,1013.55,-0.34,0.0,0.0,2025-10-19 23:00:00+00:00,2025-10-19 23:00:00,2025-10-20 00:59:40,1,202.0
I90583612,2025-10-20 00:00:00+00:00,1.0,31.976779,12.482434,-1.0,1760918380.0,0.0,0.0,221.0,80.0,81.0,80.0,17.0,17.0,16.0,1.0,4.0,0.0,2.0,5.0,0.0,13.0,13.0,13.0,17.0,17.0,16.0,17.0,17.0,16.0,1013.88,1013.21,0.0,0.0,0.0,2025-10-20 00:00:00+00:00,2025-10-20 00:00:00,2025-10-20 01:59:40,1,202.0
I90583612,2025-10-20 01:00:00+00:00,1.0,31.976779,12.482434,-1.0,1760921980.0,0.0,0.0,209.0,81.0,82.0,80.0,16.0,17.0,16.0,1.0,5.0,0.0,2.0,6.0,0.0,13.0,13.0,13.0,16.0,17.0,16.0,16.0,17.0,16.0,1013.88,1012.87,-0.69,0.0,0.0,2025-10-20 01:00:00+00:00,2025-10-20 01:00:00,2025-10-20 02:59:40,1,202.0
I90583612,2025-10-20 02:00:00+00:00,2.0,31.976779,12.482434,-1.0,1760925580.0,0.0,0.0,320.50000000000006,82.5,83.5,82.5,15.5,15.5,15.0,0.5,2.0,0.0,0.5,2.5,0.0,12.5,12.5,12.0,15.5,15.5,15.0,15.5,15.5,15.0,1013.55,1012.53,-2.04,0.0,0.0,2025-10-20 02:00:00+00:00,2025-10-20 02:00:00,2025-10-20 03:59:40,1,202.0
I90583612,2025-10-20 03:00:00+00:00,,31.976779,12.482434,,1760929200.0,,,,,,,,,,,,,,,,,,,,,,,,,,,,,,2025-10-20 03:00:00+00:00,2025-10-20 03:00:00,,0,202.0
I90583612,2025-10-20 04:00:00+00:00,,31.976779,12.482434,,1760932800.0,,,,,,,,,,,,,,,,,,,,,,,,,,,,,,2025-10-20 04:00:00+00:00,2025-10-20 04:00:00,,0,202.0
I90583612,2025-10-20 05:00:00+00:00,,31.976779,12.482434,,1760936400.0,,,,,,,,,,,,,,,,,,,,,,,,,,,,,,2025-10-20 05:00:00+00:00,2025-10-20 05:00:00,,0,202.0
